Workbook

Sheet 🏆 Dashboard
B2: 🏆 BREAKING THE HABIT — DASHBOARD
B4: 🥇 TOP 3 INDIVIDUAL (total c/ transição) | G4: 🏅 TOP 3 DUPLAS (semana atual)
B5: Pos. | C5: Participante | D5: Pts Próprios | E5: Pts Transitados | F5: TOTAL FINAL | G5: Pos. | H5: Dupla | I5: Participantes | J5: Pontos
B6: 🥇 | C6: =IFERROR(INDEX('👤 Ranking Individual'!$C$4:$C$23,MATCH(LARGE('👤 Ranking Individual'!$G$4:$G$23,1),'👤 Ranking Individual'!$G$4:$G$23,0)),"-") -> João Xavier | D6: =IFERROR(INDEX('👤 Ranking Individual'!$E$4:$E$23,MATCH(LARGE('👤 Ranking Individual'!$G$4:$G$23,1),'👤 Ranking Individual'!$G$4:$G$23,0)),0) -> 83 | E6: =IFERROR(INDEX('👤 Ranking Individual'!$F$4:$F$23,MATCH(LARGE('👤 Ranking Individual'!$G$4:$G$23,1),'👤 Ranking Individual'!$G$4:$G$23,0)),0) -> 68 | F6: =IFERROR(LARGE('👤 Ranking Individual'!$G$4:$G$23,1),0) -> 151 | G6: 🥇 | H6: {=IFERROR(INDEX('👥 Ranking Duplas'!$C$7:$C$16,MATCH(LARGE('👥 Ranking Duplas'!$H$7:$H$16,1),'👥 Ranking Duplas'!$H$7:$H$16,0)),"-")} -> Dupla 3 | I6: {=IFERROR(INDEX('👥 Ranking Duplas'!$D$7:$D$16,MATCH(LARGE('👥 Ranking Duplas'!$H$7:$H$16,1),'👥 Ranking Duplas'!$H$7:$H$16,0))&" / "&INDEX('👥 Ranking Duplas'!$E$7:$E$16,MATCH(LARGE('👥 Ranking Duplas'!$H$7:$H$16,1),'👥 Ranking Duplas'!$H$7:$H$16,0)),"-")} -> João Xavier / Rita Carmo | J6: =IFERROR(LARGE('👥 Ranking Duplas'!$H$7:$H$16,1),"-") -> 136
B7: 🥈 | C7: =IFERROR(INDEX('👤 Ranking Individual'!$C$4:$C$23,MATCH(LARGE('👤 Ranking Individual'!$G$4:$G$23,2),'👤 Ranking Individual'!$G$4:$G$23,0)),"-") -> Filipa Cunha | D7: =IFERROR(INDEX('👤 Ranking Individual'!$E$4:$E$23,MATCH(LARGE('👤 Ranking Individual'!$G$4:$G$23,2),'👤 Ranking Individual'!$G$4:$G$23,0)),0) -> 74 | E7: =IFERROR(INDEX('👤 Ranking Individual'!$F$4:$F$23,MATCH(LARGE('👤 Ranking Individual'!$G$4:$G$23,2),'👤 Ranking Individual'!$G$4:$G$23,0)),0) -> 56 | F7: =IFERROR(LARGE('👤 Ranking Individual'!$G$4:$G$23,2),0) -> 130 | G7: 🥈 | H7: {=IFERROR(INDEX('👥 Ranking Duplas'!$C$7:$C$16,MATCH(LARGE('👥 Ranking Duplas'!$H$7:$H$16,2),'👥 Ranking Duplas'!$H$7:$H$16,0)),"-")} -> Dupla 2 | I7: {=IFERROR(INDEX('👥 Ranking Duplas'!$D$7:$D$16,MATCH(LARGE('👥 Ranking Duplas'!$H$7:$H$16,2),'👥 Ranking Duplas'!$H$7:$H$16,0))&" / "&INDEX('👥 Ranking Duplas'!$E$7:$E$16,MATCH(LARGE('👥 Ranking Duplas'!$H$7:$H$16,2),'👥 Ranking Duplas'!$H$7:$H$16,0)),"-")} -> Filipa Cunha / Maria João Travassos | J7: =IFERROR(LARGE('👥 Ranking Duplas'!$H$7:$H$16,2),"-") -> 112
B8: 🥉 | C8: =IFERROR(INDEX('👤 Ranking Individual'!$C$4:$C$23,MATCH(LARGE('👤 Ranking Individual'!$G$4:$G$23,3),'👤 Ranking Individual'!$G$4:$G$23,0)),"-") -> Rita Carmo | D8: =IFERROR(INDEX('👤 Ranking Individual'!$E$4:$E$23,MATCH(LARGE('👤 Ranking Individual'!$G$4:$G$23,3),'👤 Ranking Individual'!$G$4:$G$23,0)),0) -> 53 | E8: =IFERROR(INDEX('👤 Ranking Individual'!$F$4:$F$23,MATCH(LARGE('👤 Ranking Individual'!$G$4:$G$23,3),'👤 Ranking Individual'!$G$4:$G$23,0)),0) -> 68 | F8: =IFERROR(LARGE('👤 Ranking Individual'!$G$4:$G$23,3),0) -> 121 | G8: 🥉 | H8: {=IFERROR(INDEX('👥 Ranking Duplas'!$C$7:$C$16,MATCH(LARGE('👥 Ranking Duplas'!$H$7:$H$16,3),'👥 Ranking Duplas'!$H$7:$H$16,0)),"-")} -> Dupla 4 | I8: {=IFERROR(INDEX('👥 Ranking Duplas'!$D$7:$D$16,MATCH(LARGE('👥 Ranking Duplas'!$H$7:$H$16,3),'👥 Ranking Duplas'!$H$7:$H$16,0))&" / "&INDEX('👥 Ranking Duplas'!$E$7:$E$16,MATCH(LARGE('👥 Ranking Duplas'!$H$7:$H$16,3),'👥 Ranking Duplas'!$H$7:$H$16,0)),"-")} -> Alexandra Correia / William Fernandes | J8: =IFERROR(LARGE('👥 Ranking Duplas'!$H$7:$H$16,3),"-") -> 110
B10: 📈 RESUMO GERAL DO PROGRAMA
B11: Total Contactos | E11: =SUM('📋 Registo Diário'!$E$7:$E$646) -> 451
B12: Total Qualificações | E12: =SUM('📋 Registo Diário'!$F$7:$F$646) -> 101
B13: Total Agendamentos | E13: =SUM('📋 Registo Diário'!$G$7:$G$646) -> 28
B14: Total Reuniões | E14: =SUM('📋 Registo Diário'!$H$7:$H$646) -> 0
B15: Total Propostas | E15: =SUM('📋 Registo Diário'!$I$7:$I$646) -> 0
B16: Total Jokers Usados | E16: =COUNTIF('📋 Registo Diário'!$N$7:$N$646,"S") -> 0
B17: Total Penalizações | E17: =SUM('📋 Registo Diário'!$M$7:$M$646) -> 0
B18: Total Pontos Geral | E18: =SUM('📋 Registo Diário'!$Q$7:$Q$646) -> 793
B20: 💡 Para rankings atualizados ordene a coluna TOTAL em 👤 Ranking Individual e 👥 Ranking Duplas.
B21: 🌟 DESTAQUES DO PROGRAMA
B22: Métrica | C22: Melhor Consultor | D22: Valor | E22: Média Equipa
B23: 🏅 Mais Pontos | C23: =IFERROR(INDEX('👤 Ranking Individual'!$C$4:$C$23,MATCH(MAX('👤 Ranking Individual'!$G$4:$G$23),'👤 Ranking Individual'!$G$4:$G$23,0)),"-") -> João Xavier | D23: =IFERROR(MAX('👤 Ranking Individual'!$G$4:$G$23),0) -> 151 | E23: =IFERROR(ROUND(AVERAGEIF('👤 Ranking Individual'!$G$6:$G$25,">"&0),0),0) -> 92
B24: 📞 Mais Contactos | C24: {=IFERROR(INDEX('👤 Ranking Individual'!$C$4:$C$23,MATCH(MAX(SUMIF('📋 Registo Diário'!$D$7:$D$646,'👤 Ranking Individual'!$C$4:$C$23,'📋 Registo Diário'!$E$7:$E$646)),SUMIF('📋 Registo Diário'!$D$7:$D$646,'👤 Ranking Individual'!$C$4:$C$23,'📋 Registo Diário'!$E$7:$E$646),0)),"-")} -> Filipa Cunha | D24: {=IFERROR(MAX(SUMIF('📋 Registo Diário'!$D$7:$D$646,'👤 Ranking Individual'!$C$4:$C$23,'📋 Registo Diário'!$E$7:$E$646)),0)} -> 46 | E24: =IFERROR(ROUND(AVERAGEIF('📋 Registo Diário'!$E$7:$E$646,">"&0),0),0) -> 14
B25: 🤝 Mais Visitas/ Reuniões | C25: {=IFERROR(INDEX('👤 Ranking Individual'!$C$4:$C$23,MATCH(MAX(SUMIF('📋 Registo Diário'!$D$7:$D$646,'👤 Ranking Individual'!$C$4:$C$23,'📋 Registo Diário'!$H$7:$H$646)),SUMIF('📋 Registo Diário'!$D$7:$D$646,'👤 Ranking Individual'!$C$4:$C$23,'📋 Registo Diário'!$H$7:$H$646),0)),"-")} -> Carla Cantante | D25: {=IFERROR(MAX(SUMIF('📋 Registo Diário'!$D$7:$D$646,'👤 Ranking Individual'!$C$4:$C$23,'📋 Registo Diário'!$H$7:$H$646)),0)} -> 0 | E25: =IFERROR(ROUND(AVERAGEIF('📋 Registo Diário'!$H$7:$H$646,">"&0),0),0) -> 0
B26: 🏠 Mais Propostas | C26: {=IFERROR(INDEX('👤 Ranking Individual'!$C$4:$C$23,MATCH(MAX(SUMIF('📋 Registo Diário'!$D$7:$D$646,'👤 Ranking Individual'!$C$4:$C$23,'📋 Registo Diário'!$I$7:$I$646)),SUMIF('📋 Registo Diário'!$D$7:$D$646,'👤 Ranking Individual'!$C$4:$C$23,'📋 Registo Diário'!$I$7:$I$646),0)),"-")} -> Carla Cantante | D26: {=IFERROR(MAX(SUMIF('📋 Registo Diário'!$D$7:$D$646,'👤 Ranking Individual'!$C$4:$C$23,'📋 Registo Diário'!$I$7:$I$646)),0)} -> 0 | E26: =IFERROR(ROUND(AVERAGEIF('📋 Registo Diário'!$I$7:$I$646,">"&0),0),0) -> 0
B27: 💰 Mais Angariações/Transações | C27: {=IFERROR(INDEX('👤 Ranking Individual'!$C$4:$C$23,MATCH(MAX(SUMIF('📋 Registo Diário'!$D$7:$D$646,'👤 Ranking Individual'!$C$4:$C$23,'📋 Registo Diário'!$J$7:$J$646)),SUMIF('📋 Registo Diário'!$D$7:$D$646,'👤 Ranking Individual'!$C$4:$C$23,'📋 Registo Diário'!$J$7:$J$646),0)),"-")} -> Carla Cantante | D27: {=IFERROR(MAX(SUMIF('📋 Registo Diário'!$D$7:$D$646,'👤 Ranking Individual'!$C$4:$C$23,'📋 Registo Diário'!$J$7:$J$646)),0)} -> 0 | E27: =IFERROR(ROUND(AVERAGEIF('📋 Registo Diário'!$J$7:$J$646,">"&0),0),0) -> 0
B29: 💡 Top 3 e destaques atualizam automaticamente. Para rankings completos ordene as folhas 👤 Ranking Individual e 👥 Ranking Duplas.
B31: 🏆 TOP 5 ACUMULADO INDIVIDUAL | F31: Todas as semanas decorridas | H31: AUX — Pts Semana Atual (ocultar)
B32: Pos. | C32: Participante | D32: Pts Próprios | E32: Pts Transitados | F32: TOTAL | H32: Participante | I32: Pts Sem.
B33: 🥇 | C33: =IFERROR(INDEX('👤 Ranking Individual'!$C$4:$C$23,MATCH(LARGE('👤 Ranking Individual'!$G$4:$G$23,1),'👤 Ranking Individual'!$G$4:$G$23,0)),"-") -> João Xavier | D33: =IFERROR(INDEX('👤 Ranking Individual'!$E$4:$E$23,MATCH(LARGE('👤 Ranking Individual'!$G$4:$G$23,1),'👤 Ranking Individual'!$G$4:$G$23,0)),0) -> 83 | E33: =IFERROR(INDEX('👤 Ranking Individual'!$F$4:$F$23,MATCH(LARGE('👤 Ranking Individual'!$G$4:$G$23,1),'👤 Ranking Individual'!$G$4:$G$23,0)),0) -> 68 | F33: =IFERROR(LARGE('👤 Ranking Individual'!$G$4:$G$23,1),0) -> 151 | H33: ='⚙️ Configuração'!C30 -> Carla Cantante | I33: =SUMIFS('📋 Registo Diário'!$Q$7:$Q$646,'📋 Registo Diário'!$D$7:$D$646,H33,'📋 Registo Diário'!$B$7:$B$646,"Semana "&'⚙️ Configuração'!$H$45) -> 0
B34: 🥈 | C34: =IFERROR(INDEX('👤 Ranking Individual'!$C$4:$C$23,MATCH(LARGE('👤 Ranking Individual'!$G$4:$G$23,2),'👤 Ranking Individual'!$G$4:$G$23,0)),"-") -> Filipa Cunha | D34: =IFERROR(INDEX('👤 Ranking Individual'!$E$4:$E$23,MATCH(LARGE('👤 Ranking Individual'!$G$4:$G$23,2),'👤 Ranking Individual'!$G$4:$G$23,0)),0) -> 74 | E34: =IFERROR(INDEX('👤 Ranking Individual'!$F$4:$F$23,MATCH(LARGE('👤 Ranking Individual'!$G$4:$G$23,2),'👤 Ranking Individual'!$G$4:$G$23,0)),0) -> 56 | F34: =IFERROR(LARGE('👤 Ranking Individual'!$G$4:$G$23,2),0) -> 130 | H34: ='⚙️ Configuração'!C31 -> Elisabete Mendes | I34: =SUMIFS('📋 Registo Diário'!$Q$7:$Q$646,'📋 Registo Diário'!$D$7:$D$646,H34,'📋 Registo Diário'!$B$7:$B$646,"Semana "&'⚙️ Configuração'!$H$45) -> 0
B35: 🥉 | C35: =IFERROR(INDEX('👤 Ranking Individual'!$C$4:$C$23,MATCH(LARGE('👤 Ranking Individual'!$G$4:$G$23,3),'👤 Ranking Individual'!$G$4:$G$23,0)),"-") -> Rita Carmo | D35: =IFERROR(INDEX('👤 Ranking Individual'!$E$4:$E$23,MATCH(LARGE('👤 Ranking Individual'!$G$4:$G$23,3),'👤 Ranking Individual'!$G$4:$G$23,0)),0) -> 53 | E35: =IFERROR(INDEX('👤 Ranking Individual'!$F$4:$F$23,MATCH(LARGE('👤 Ranking Individual'!$G$4:$G$23,3),'👤 Ranking Individual'!$G$4:$G$23,0)),0) -> 68 | F35: =IFERROR(LARGE('👤 Ranking Individual'!$G$4:$G$23,3),0) -> 121 | H35: ='⚙️ Configuração'!C32 -> Filipa Cunha | I35: =SUMIFS('📋 Registo Diário'!$Q$7:$Q$646,'📋 Registo Diário'!$D$7:$D$646,H35,'📋 Registo Diário'!$B$7:$B$646,"Semana "&'⚙️ Configuração'!$H$45) -> 0
B36: 4º | C36: =IFERROR(INDEX('👤 Ranking Individual'!$C$4:$C$23,MATCH(LARGE('👤 Ranking Individual'!$G$4:$G$23,4),'👤 Ranking Individual'!$G$4:$G$23,0)),"-") -> William Fernandes | D36: =IFERROR(INDEX('👤 Ranking Individual'!$E$4:$E$23,MATCH(LARGE('👤 Ranking Individual'!$G$4:$G$23,4),'👤 Ranking Individual'!$G$4:$G$23,0)),0) -> 63 | E36: =IFERROR(INDEX('👤 Ranking Individual'!$F$4:$F$23,MATCH(LARGE('👤 Ranking Individual'!$G$4:$G$23,4),'👤 Ranking Individual'!$G$4:$G$23,0)),0) -> 55 | F36: =IFERROR(LARGE('👤 Ranking Individual'!$G$4:$G$23,4),0) -> 118 | H36: ='⚙️ Configuração'!C33 -> Helena Rocha | I36: =SUMIFS('📋 Registo Diário'!$Q$7:$Q$646,'📋 Registo Diário'!$D$7:$D$646,H36,'📋 Registo Diário'!$B$7:$B$646,"Semana "&'⚙️ Configuração'!$H$45) -> 0
B37: 5º | C37: =IFERROR(INDEX('👤 Ranking Individual'!$C$4:$C$23,MATCH(LARGE('👤 Ranking Individual'!$G$4:$G$23,5),'👤 Ranking Individual'!$G$4:$G$23,0)),"-") -> Alexandra Correia | D37: =IFERROR(INDEX('👤 Ranking Individual'!$E$4:$E$23,MATCH(LARGE('👤 Ranking Individual'!$G$4:$G$23,5),'👤 Ranking Individual'!$G$4:$G$23,0)),0) -> 47 | E37: =IFERROR(INDEX('👤 Ranking Individual'!$F$4:$F$23,MATCH(LARGE('👤 Ranking Individual'!$G$4:$G$23,5),'👤 Ranking Individual'!$G$4:$G$23,0)),0) -> 55 | F37: =IFERROR(LARGE('👤 Ranking Individual'!$G$4:$G$23,5),0) -> 102 | H37: ='⚙️ Configuração'!C34 -> João Xavier | I37: =SUMIFS('📋 Registo Diário'!$Q$7:$Q$646,'📋 Registo Diário'!$D$7:$D$646,H37,'📋 Registo Diário'!$B$7:$B$646,"Semana "&'⚙️ Configuração'!$H$45) -> 0
H38: ='⚙️ Configuração'!C35 -> Tomás Carlos | I38: =SUMIFS('📋 Registo Diário'!$Q$7:$Q$646,'📋 Registo Diário'!$D$7:$D$646,H38,'📋 Registo Diário'!$B$7:$B$646,"Semana "&'⚙️ Configuração'!$H$45) -> 0
H39: ='⚙️ Configuração'!C36 -> Alexandra Correia | I39: =SUMIFS('📋 Registo Diário'!$Q$7:$Q$646,'📋 Registo Diário'!$D$7:$D$646,H39,'📋 Registo Diário'!$B$7:$B$646,"Semana "&'⚙️ Configuração'!$H$45) -> 0
B40: 🔥 TOP 5 SEMANA ATUAL | F40: ="Semana "&'⚙️ Configuração'!H45&" (ajustar em ⚙️ H45)" -> Semana 2 (ajustar em ⚙️ H45) | H40: ='⚙️ Configuração'!C37 -> Carla Barata | I40: =SUMIFS('📋 Registo Diário'!$Q$7:$Q$646,'📋 Registo Diário'!$D$7:$D$646,H40,'📋 Registo Diário'!$B$7:$B$646,"Semana "&'⚙️ Configuração'!$H$45) -> 0
B41: Pos. | C41: Participante | F41: Pontos da Semana | H41: ='⚙️ Configuração'!C38 -> Denise Filipe | I41: =SUMIFS('📋 Registo Diário'!$Q$7:$Q$646,'📋 Registo Diário'!$D$7:$D$646,H41,'📋 Registo Diário'!$B$7:$B$646,"Semana "&'⚙️ Configuração'!$H$45) -> 0
B42: 🥇 | C42: =IFERROR(IF(LARGE($I$33:$I$52,1)=0,"— sem registos —",INDEX($H$33:$H$52,MATCH(LARGE($I$33:$I$52,1),$I$33:$I$52,0))),"-") -> — sem registos — | F42: =IFERROR(LARGE($I$33:$I$52,1),0) -> 0 | H42: ='⚙️ Configuração'!C39 -> Fátima Rodriguez | I42: =SUMIFS('📋 Registo Diário'!$Q$7:$Q$646,'📋 Registo Diário'!$D$7:$D$646,H42,'📋 Registo Diário'!$B$7:$B$646,"Semana "&'⚙️ Configuração'!$H$45) -> 0
B43: 🥈 | C43: =IFERROR(IF(LARGE($I$33:$I$52,2)=0,"—",INDEX($H$33:$H$52,MATCH(LARGE($I$33:$I$52,2),$I$33:$I$52,0))),"-") -> — | F43: =IFERROR(LARGE($I$33:$I$52,2),0) -> 0 | H43: ='⚙️ Configuração'!C40 -> Maria João Travassos | I43: =SUMIFS('📋 Registo Diário'!$Q$7:$Q$646,'📋 Registo Diário'!$D$7:$D$646,H43,'📋 Registo Diário'!$B$7:$B$646,"Semana "&'⚙️ Configuração'!$H$45) -> 0
B44: 🥉 | C44: =IFERROR(IF(LARGE($I$33:$I$52,3)=0,"—",INDEX($H$33:$H$52,MATCH(LARGE($I$33:$I$52,3),$I$33:$I$52,0))),"-") -> — | F44: =IFERROR(LARGE($I$33:$I$52,3),0) -> 0 | H44: ='⚙️ Configuração'!C41 -> Marta Torres | I44: =SUMIFS('📋 Registo Diário'!$Q$7:$Q$646,'📋 Registo Diário'!$D$7:$D$646,H44,'📋 Registo Diário'!$B$7:$B$646,"Semana "&'⚙️ Configuração'!$H$45) -> 0
B45: 4º | C45: =IFERROR(IF(LARGE($I$33:$I$52,4)=0,"—",INDEX($H$33:$H$52,MATCH(LARGE($I$33:$I$52,4),$I$33:$I$52,0))),"-") -> — | F45: =IFERROR(LARGE($I$33:$I$52,4),0) -> 0 | H45: ='⚙️ Configuração'!C42 -> Patricia Isabel Silva | I45: =SUMIFS('📋 Registo Diário'!$Q$7:$Q$646,'📋 Registo Diário'!$D$7:$D$646,H45,'📋 Registo Diário'!$B$7:$B$646,"Semana "&'⚙️ Configuração'!$H$45) -> 0
B46: 5º | C46: =IFERROR(IF(LARGE($I$33:$I$52,5)=0,"—",INDEX($H$33:$H$52,MATCH(LARGE($I$33:$I$52,5),$I$33:$I$52,0))),"-") -> — | F46: =IFERROR(LARGE($I$33:$I$52,5),0) -> 0 | H46: ='⚙️ Configuração'!C43 -> Paula Martins | I46: =SUMIFS('📋 Registo Diário'!$Q$7:$Q$646,'📋 Registo Diário'!$D$7:$D$646,H46,'📋 Registo Diário'!$B$7:$B$646,"Semana "&'⚙️ Configuração'!$H$45) -> 0
B47: 💡 Esta tabela atualiza automaticamente ao mudar a semana em ⚙️ Configuração!H45 | H47: ='⚙️ Configuração'!C44 -> Paula Miabara | I47: =SUMIFS('📋 Registo Diário'!$Q$7:$Q$646,'📋 Registo Diário'!$D$7:$D$646,H47,'📋 Registo Diário'!$B$7:$B$646,"Semana "&'⚙️ Configuração'!$H$45) -> 0
H48: ='⚙️ Configuração'!C45 -> Rita Carmo | I48: =SUMIFS('📋 Registo Diário'!$Q$7:$Q$646,'📋 Registo Diário'!$D$7:$D$646,H48,'📋 Registo Diário'!$B$7:$B$646,"Semana "&'⚙️ Configuração'!$H$45) -> 0
H49: ='⚙️ Configuração'!C46 -> William Fernandes | I49: =SUMIFS('📋 Registo Diário'!$Q$7:$Q$646,'📋 Registo Diário'!$D$7:$D$646,H49,'📋 Registo Diário'!$B$7:$B$646,"Semana "&'⚙️ Configuração'!$H$45) -> 0
H50: ='⚙️ Configuração'!C47 -> - | I50: =SUMIFS('📋 Registo Diário'!$Q$7:$Q$646,'📋 Registo Diário'!$D$7:$D$646,H50,'📋 Registo Diário'!$B$7:$B$646,"Semana "&'⚙️ Configuração'!$H$45) -> 0
H51: ='⚙️ Configuração'!C48 -> - | I51: =SUMIFS('📋 Registo Diário'!$Q$7:$Q$646,'📋 Registo Diário'!$D$7:$D$646,H51,'📋 Registo Diário'!$B$7:$B$646,"Semana "&'⚙️ Configuração'!$H$45) -> 0
H52: ='⚙️ Configuração'!C49 -> - | I52: =SUMIFS('📋 Registo Diário'!$Q$7:$Q$646,'📋 Registo Diário'!$D$7:$D$646,H52,'📋 Registo Diário'!$B$7:$B$646,"Semana "&'⚙️ Configuração'!$H$45) -> 0

Sheet ⚙️ Configuração
B2: 🏆 BREAKING THE HABIT — CONFIGURAÇÃO DO PROGRAMA
B4: SISTEMA DE PONTUAÇÃO | G4: DESAFIOS DO PROGRAMA (32)
B5: Atividade | C5: Pontos | D5: Descrição | E5: Multiplicador | G5: Nº | H5: Nome do Desafio | I5: Semana
B6: Contacto Realizado | C6: 1 | D6: Contacto com cliente/prospeto | E6: 1 | G6: 1 | H6: Desafio 1 | I6: Semana 1
B7: Tipo (C/V/A) | C7: 2 | D7: Qualificação: Comprador, Vendedor ou Arrendamento | E7: 1 | G7: 2 | H7: Desafio 2 | I7: Semana 1
B8: Agendamento | C8: 5 | D8: Agendamento de reunião ou visita | E8: 1 | G8: 3 | H8: Desafio 3 | I8: Semana 1
B9: Visita/Reunião | C9: 10 | D9: Visita a imóvel ou reunião com proprietário | E9: 1 | G9: 4 | H9: Desafio 4 | I9: Semana 1
B10: Proposta | C10: 25 | D10: Proposta apresentada ao cliente | E10: 1 | G10: 5 | H10: Desafio 5 | I10: Semana 2
B11: Ang./Transação | C11: 50 | D11: Angariação ou transação concluída | E11: 1 | G11: 6 | H11: Desafio 6 | I11: Semana 2
B12: PENALIZAÇÕES | G12: 7 | H12: Desafio 7 | I12: Semana 2
B13: Tipo | C13: Pontos | D13: Descrição | E13: Código | G13: 8 | H13: Desafio 8 | I13: Semana 2
B14: Atraso até 15 min | C14: -1 | D14: Chegada tardia até 15 minutos | E14: AT1 | G14: 9 | H14: Desafio 9 | I14: Semana 3
B15: Atraso acima 15 min | C15: -2 | D15: Chegada tardia acima de 15 minutos | E15: AT2 | G15: 10 | H15: Desafio 10 | I15: Semana 3
B16: Falta injustificada | C16: -4 | D16: Ausência sem justificação válida | E16: FI | G16: 11 | H16: Desafio 11 | I16: Semana 3
B17: Falta justificada | C17: 0 | D17: Escritura, médico ou força maior | E17: FJ | G17: 12 | H17: Desafio 12 | I17: Semana 3
G18: 13 | H18: Desafio 13 | I18: Semana 4
B19: PONTUAÇÃO EXTRA DIÁRIA (POR DUPLA) | G19: 14 | H19: Desafio 14 | I19: Semana 4
B20: Lugar | C20: Pontos Extra | D20: Descrição | G20: 15 | H20: Desafio 15 | I20: Semana 4
B21: 1º Lugar | C21: 10 | D21: Dupla com mais pontos no desafio do dia | G21: 16 | H21: Desafio 16 | I21: Semana 4
B22: 2º Lugar | C22: 6 | D22: Segunda dupla com mais pontos | G22: 17 | H22: Desafio 17 | I22: Semana 5
B23: 3º Lugar | C23: 4 | D23: Terceira dupla com mais pontos | G23: 18 | H23: Desafio 18 | I23: Semana 5
B24: Restantes | C24: 2 | D24: Duplas que cumpriram o desafio | G24: 19 | H24: Desafio 19 | I24: Semana 5
G25: 20 | H25: Desafio 20 | I25: Semana 5
B26: ⚠️ Células amarelas são editáveis — alterações refletem-se em todo o ficheiro | G26: 21 | H26: Desafio 21 | I26: Semana 6
G27: 22 | H27: Desafio 22 | I27: Semana 6
B28: PARTICIPANTES (nomes editáveis) | G28: 23 | H28: Desafio 23 | I28: Semana 6
B29: Nº | C29: Nome Participante | D29: Nº Ref. | E29: Código | G29: 24 | H29: Desafio 24 | I29: Semana 6
B30: 1 | C30: Carla Cantante | D30: 1 | E30: P01 | G30: 25 | H30: Desafio 25 | I30: Semana 7
B31: 2 | C31: Elisabete Mendes | D31: 2 | E31: P02 | G31: 26 | H31: Desafio 26 | I31: Semana 7
B32: 3 | C32: Filipa Cunha | D32: 3 | E32: P03 | G32: 27 | H32: Desafio 27 | I32: Semana 7
B33: 4 | C33: Helena Rocha | D33: 4 | E33: P04 | G33: 28 | H33: Desafio 28 | I33: Semana 7
B34: 5 | C34: João Xavier | D34: 5 | E34: P05 | G34: 29 | H34: Desafio 29 | I34: Semana 8
B35: 6 | C35: Tomás Carlos | D35: 6 | E35: P06 | G35: 30 | H35: Desafio 30 | I35: Semana 8
B36: 7 | C36: Alexandra Correia | D36: 7 | E36: P07 | G36: 31 | H36: Desafio 31 | I36: Semana 8
B37: 8 | C37: Carla Barata | D37: 8 | E37: P08 | G37: 32 | H37: Desafio 32 | I37: Semana 8
B38: 9 | C38: Denise Filipe | D38: 9 | E38: P09 | G38: PARÂMETROS DO PROGRAMA
B39: 10 | C39: Fátima Rodriguez | D39: 10 | E39: P10 | G39: Duração (dias) | H39: 60
B40: 11 | C40: Maria João Travassos | D40: 11 | E40: P11 | G40: Nº Desafios | H40: 32
B41: 12 | C41: Marta Torres | D41: 12 | E41: P12 | G41: Nº Participantes | H41: 17
B42: 13 | C42: Patricia Isabel Silva | D42: 13 | E42: P13 | G42: Nº Duplas por semana | H42: 8
B43: 14 | C43: Paula Martins | D43: 14 | E43: P14 | G43: Inscrição por pessoa (€) | H43: 100
B44: 15 | C44: Paula Miabara | D44: 15 | E44: P15 | G44: Data de Início | H44: 45760
B45: 16 | C45: Rita Carmo | D45: 16 | E45: P16 | G45: Semana Atual | H45: 2 | I45: ⚠️ Editar no início de cada semana
B46: 17 | C46: William Fernandes | D46: 17 | E46: P17
B47: 18 | C47: - | D47: 18 | E47: P18
B48: 19 | C48: - | D48: 19 | E48: P19
B49: 20 | C49: - | D49: 20 | E49: P20

Sheet 🔄 Rotação Duplas
B2: 🔄 BREAKING THE HABIT — ROTAÇÃO SEMANAL DE DUPLAS
B4: 📝 Semana 1 pré-preenchida com pares iniciais. Para as semanas seguintes, selecione os nomes via dropdown (células amarelas) — os nomes vêm automaticamente da Configuração. 🔴 Alerta vermelho = participante repetido na mesma dupla.
B6: SEMANA 1
B7: Dupla | C7: Participante 1 | D7: Participante 2 | E7: Pts P1 (semana) | F7: Pts P2 (semana) | G7: Total Dupla | H7: Transição P1 (÷2) | I7: Transição P2 (÷2)
B8: 1 | C8: ='⚙️ Configuração'!C30 -> Carla Cantante | D8: ='⚙️ Configuração'!C38 -> Denise Filipe | E8: =IF(C8="","-",SUMIFS('📋 Registo Diário'!$Q$7:$Q$646,'📋 Registo Diário'!$D$7:$D$646,C8,'📋 Registo Diário'!$B$7:$B$646,"Semana 1")) -> 45 | F8: =IF(D8="","-",SUMIFS('📋 Registo Diário'!$Q$7:$Q$646,'📋 Registo Diário'!$D$7:$D$646,D8,'📋 Registo Diário'!$B$7:$B$646,"Semana 1")) -> 42 | G8: =IF(OR(E8="-",F8="-"),"-",E8+F8) -> 87 | H8: =IF(G8="-","-",INT(G8/2)) -> 43 | I8: =IF(G8="-","-",G8-INT(G8/2)) -> 44
B9: 2 | C9: ='⚙️ Configuração'!C32 -> Filipa Cunha | D9: ='⚙️ Configuração'!C40 -> Maria João Travassos | E9: =IF(C9="","-",SUMIFS('📋 Registo Diário'!$Q$7:$Q$646,'📋 Registo Diário'!$D$7:$D$646,C9,'📋 Registo Diário'!$B$7:$B$646,"Semana 1")) -> 74 | F9: =IF(D9="","-",SUMIFS('📋 Registo Diário'!$Q$7:$Q$646,'📋 Registo Diário'!$D$7:$D$646,D9,'📋 Registo Diário'!$B$7:$B$646,"Semana 1")) -> 38 | G9: =IF(OR(E9="-",F9="-"),"-",E9+F9) -> 112 | H9: =IF(G9="-","-",INT(G9/2)) -> 56 | I9: =IF(G9="-","-",G9-INT(G9/2)) -> 56
B10: 3 | C10: ='⚙️ Configuração'!C34 -> João Xavier | D10: ='⚙️ Configuração'!C45 -> Rita Carmo | E10: =IF(C10="","-",SUMIFS('📋 Registo Diário'!$Q$7:$Q$646,'📋 Registo Diário'!$D$7:$D$646,C10,'📋 Registo Diário'!$B$7:$B$646,"Semana 1")) -> 83 | F10: =IF(D10="","-",SUMIFS('📋 Registo Diário'!$Q$7:$Q$646,'📋 Registo Diário'!$D$7:$D$646,D10,'📋 Registo Diário'!$B$7:$B$646,"Semana 1")) -> 53 | G10: =IF(OR(E10="-",F10="-"),"-",E10+F10) -> 136 | H10: =IF(G10="-","-",INT(G10/2)) -> 68 | I10: =IF(G10="-","-",G10-INT(G10/2)) -> 68
B11: 4 | C11: ='⚙️ Configuração'!C36 -> Alexandra Correia | D11: ='⚙️ Configuração'!C46 -> William Fernandes | E11: =IF(C11="","-",SUMIFS('📋 Registo Diário'!$Q$7:$Q$646,'📋 Registo Diário'!$D$7:$D$646,C11,'📋 Registo Diário'!$B$7:$B$646,"Semana 1")) -> 47 | F11: =IF(D11="","-",SUMIFS('📋 Registo Diário'!$Q$7:$Q$646,'📋 Registo Diário'!$D$7:$D$646,D11,'📋 Registo Diário'!$B$7:$B$646,"Semana 1")) -> 63 | G11: =IF(OR(E11="-",F11="-"),"-",E11+F11) -> 110 | H11: =IF(G11="-","-",INT(G11/2)) -> 55 | I11: =IF(G11="-","-",G11-INT(G11/2)) -> 55
B12: 5 | D12: ='⚙️ Configuração'!C39 -> Fátima Rodriguez | E12: =IF(C12="","-",SUMIFS('📋 Registo Diário'!$Q$7:$Q$646,'📋 Registo Diário'!$D$7:$D$646,C12,'📋 Registo Diário'!$B$7:$B$646,"Semana 1")) -> - | F12: =IF(D12="","-",SUMIFS('📋 Registo Diário'!$Q$7:$Q$646,'📋 Registo Diário'!$D$7:$D$646,D12,'📋 Registo Diário'!$B$7:$B$646,"Semana 1")) -> 69 | G12: =IF(OR(E12="-",F12="-"),"-",E12+F12) -> - | H12: =IF(G12="-","-",INT(G12/2)) -> - | I12: =IF(G12="-","-",G12-INT(G12/2)) -> -
B13: 6 | C13: ='⚙️ Configuração'!C44 -> Paula Miabara | D13: ='⚙️ Configuração'!C41 -> Marta Torres | E13: =IF(C13="","-",SUMIFS('📋 Registo Diário'!$Q$7:$Q$646,'📋 Registo Diário'!$D$7:$D$646,C13,'📋 Registo Diário'!$B$7:$B$646,"Semana 1")) -> 28 | F13: =IF(D13="","-",SUMIFS('📋 Registo Diário'!$Q$7:$Q$646,'📋 Registo Diário'!$D$7:$D$646,D13,'📋 Registo Diário'!$B$7:$B$646,"Semana 1")) -> 54 | G13: =IF(OR(E13="-",F13="-"),"-",E13+F13) -> 82 | H13: =IF(G13="-","-",INT(G13/2)) -> 41 | I13: =IF(G13="-","-",G13-INT(G13/2)) -> 41
B14: 7 | C14: ='⚙️ Configuração'!C42 -> Patricia Isabel Silva | D14: ='⚙️ Configuração'!C35 -> Tomás Carlos | E14: =IF(C14="","-",SUMIFS('📋 Registo Diário'!$Q$7:$Q$646,'📋 Registo Diário'!$D$7:$D$646,C14,'📋 Registo Diário'!$B$7:$B$646,"Semana 1")) -> 41 | F14: =IF(D14="","-",SUMIFS('📋 Registo Diário'!$Q$7:$Q$646,'📋 Registo Diário'!$D$7:$D$646,D14,'📋 Registo Diário'!$B$7:$B$646,"Semana 1")) -> 50 | G14: =IF(OR(E14="-",F14="-"),"-",E14+F14) -> 91 | H14: =IF(G14="-","-",INT(G14/2)) -> 45 | I14: =IF(G14="-","-",G14-INT(G14/2)) -> 46
B15: 8 | C15: ='⚙️ Configuração'!C37 -> Carla Barata | D15: ='⚙️ Configuração'!C43 -> Paula Martins | E15: =IF(C15="","-",SUMIFS('📋 Registo Diário'!$Q$7:$Q$646,'📋 Registo Diário'!$D$7:$D$646,C15,'📋 Registo Diário'!$B$7:$B$646,"Semana 1")) -> 23 | F15: =IF(D15="","-",SUMIFS('📋 Registo Diário'!$Q$7:$Q$646,'📋 Registo Diário'!$D$7:$D$646,D15,'📋 Registo Diário'!$B$7:$B$646,"Semana 1")) -> 20 | G15: =IF(OR(E15="-",F15="-"),"-",E15+F15) -> 43 | H15: =IF(G15="-","-",INT(G15/2)) -> 21 | I15: =IF(G15="-","-",G15-INT(G15/2)) -> 22
B16: 9 | C16: ='⚙️ Configuração'!C31 -> Elisabete Mendes | D16: ='⚙️ Configuração'!C33 -> Helena Rocha | E16: =IF(C16="","-",SUMIFS('📋 Registo Diário'!$Q$7:$Q$646,'📋 Registo Diário'!$D$7:$D$646,C16,'📋 Registo Diário'!$B$7:$B$646,"Semana 1")) -> 23 | F16: =IF(D16="","-",SUMIFS('📋 Registo Diário'!$Q$7:$Q$646,'📋 Registo Diário'!$D$7:$D$646,D16,'📋 Registo Diário'!$B$7:$B$646,"Semana 1")) -> 40 | G16: =IF(OR(E16="-",F16="-"),"-",E16+F16) -> 63 | H16: =IF(G16="-","-",INT(G16/2)) -> 31 | I16: =IF(G16="-","-",G16-INT(G16/2)) -> 32
B17: 10 | C17: ='⚙️ Configuração'!C48 -> - | D17: ='⚙️ Configuração'!C49 -> - | E17: =IF(C17="","-",SUMIFS('📋 Registo Diário'!$Q$7:$Q$646,'📋 Registo Diário'!$D$7:$D$646,C17,'📋 Registo Diário'!$B$7:$B$646,"Semana 1")) -> 0 | F17: =IF(D17="","-",SUMIFS('📋 Registo Diário'!$Q$7:$Q$646,'📋 Registo Diário'!$D$7:$D$646,D17,'📋 Registo Diário'!$B$7:$B$646,"Semana 1")) -> 0 | G17: =IF(OR(E17="-",F17="-"),"-",E17+F17) -> 0 | H17: =IF(G17="-","-",INT(G17/2)) -> 0 | I17: =IF(G17="-","-",G17-INT(G17/2)) -> 0
B18: Totais Semana 1 | E18: Total pontos gerados na semana → | G18: =IF(G8="-",0,G8)+IF(G9="-",0,G9)+IF(G10="-",0,G10)+IF(G11="-",0,G11)+IF(G12="-",0,G12)+IF(G13="-",0,G13)+IF(G14="-",0,G14)+IF(G15="-",0,G15)+IF(G16="-",0,G16)+IF(G17="-",0,G17) -> 724
B20: SEMANA 2
B21: Dupla | C21: Participante 1 | D21: Participante 2 | E21: Pts P1 (semana) | F21: Pts P2 (semana) | G21: Total Dupla | H21: Transição P1 (÷2) | I21: Transição P2 (÷2)
B22: 1 | E22: =IF(C22="","-",SUMIFS('📋 Registo Diário'!$Q$7:$Q$646,'📋 Registo Diário'!$D$7:$D$646,C22,'📋 Registo Diário'!$B$7:$B$646,"Semana 2")) -> - | F22: =IF(D22="","-",SUMIFS('📋 Registo Diário'!$Q$7:$Q$646,'📋 Registo Diário'!$D$7:$D$646,D22,'📋 Registo Diário'!$B$7:$B$646,"Semana 2")) -> - | G22: =IF(OR(E22="-",F22="-"),"-",E22+F22) -> - | H22: =IF(G22="-","-",INT(G22/2)) -> - | I22: =IF(G22="-","-",G22-INT(G22/2)) -> -
B23: 2 | E23: =IF(C23="","-",SUMIFS('📋 Registo Diário'!$Q$7:$Q$646,'📋 Registo Diário'!$D$7:$D$646,C23,'📋 Registo Diário'!$B$7:$B$646,"Semana 2")) -> - | F23: =IF(D23="","-",SUMIFS('📋 Registo Diário'!$Q$7:$Q$646,'📋 Registo Diário'!$D$7:$D$646,D23,'📋 Registo Diário'!$B$7:$B$646,"Semana 2")) -> - | G23: =IF(OR(E23="-",F23="-"),"-",E23+F23) -> - | H23: =IF(G23="-","-",INT(G23/2)) -> - | I23: =IF(G23="-","-",G23-INT(G23/2)) -> -
B24: 3 | E24: =IF(C24="","-",SUMIFS('📋 Registo Diário'!$Q$7:$Q$646,'📋 Registo Diário'!$D$7:$D$646,C24,'📋 Registo Diário'!$B$7:$B$646,"Semana 2")) -> - | F24: =IF(D24="","-",SUMIFS('📋 Registo Diário'!$Q$7:$Q$646,'📋 Registo Diário'!$D$7:$D$646,D24,'📋 Registo Diário'!$B$7:$B$646,"Semana 2")) -> - | G24: =IF(OR(E24="-",F24="-"),"-",E24+F24) -> - | H24: =IF(G24="-","-",INT(G24/2)) -> - | I24: =IF(G24="-","-",G24-INT(G24/2)) -> -
B25: 4 | E25: =IF(C25="","-",SUMIFS('📋 Registo Diário'!$Q$7:$Q$646,'📋 Registo Diário'!$D$7:$D$646,C25,'📋 Registo Diário'!$B$7:$B$646,"Semana 2")) -> - | F25: =IF(D25="","-",SUMIFS('📋 Registo Diário'!$Q$7:$Q$646,'📋 Registo Diário'!$D$7:$D$646,D25,'📋 Registo Diário'!$B$7:$B$646,"Semana 2")) -> - | G25: =IF(OR(E25="-",F25="-"),"-",E25+F25) -> - | H25: =IF(G25="-","-",INT(G25/2)) -> - | I25: =IF(G25="-","-",G25-INT(G25/2)) -> -
B26: 5 | E26: =IF(C26="","-",SUMIFS('📋 Registo Diário'!$Q$7:$Q$646,'📋 Registo Diário'!$D$7:$D$646,C26,'📋 Registo Diário'!$B$7:$B$646,"Semana 2")) -> - | F26: =IF(D26="","-",SUMIFS('📋 Registo Diário'!$Q$7:$Q$646,'📋 Registo Diário'!$D$7:$D$646,D26,'📋 Registo Diário'!$B$7:$B$646,"Semana 2")) -> - | G26: =IF(OR(E26="-",F26="-"),"-",E26+F26) -> - | H26: =IF(G26="-","-",INT(G26/2)) -> - | I26: =IF(G26="-","-",G26-INT(G26/2)) -> -
B27: 6 | E27: =IF(C27="","-",SUMIFS('📋 Registo Diário'!$Q$7:$Q$646,'📋 Registo Diário'!$D$7:$D$646,C27,'📋 Registo Diário'!$B$7:$B$646,"Semana 2")) -> - | F27: =IF(D27="","-",SUMIFS('📋 Registo Diário'!$Q$7:$Q$646,'📋 Registo Diário'!$D$7:$D$646,D27,'📋 Registo Diário'!$B$7:$B$646,"Semana 2")) -> - | G27: =IF(OR(E27="-",F27="-"),"-",E27+F27) -> - | H27: =IF(G27="-","-",INT(G27/2)) -> - | I27: =IF(G27="-","-",G27-INT(G27/2)) -> -
B28: 7 | E28: =IF(C28="","-",SUMIFS('📋 Registo Diário'!$Q$7:$Q$646,'📋 Registo Diário'!$D$7:$D$646,C28,'📋 Registo Diário'!$B$7:$B$646,"Semana 2")) -> - | F28: =IF(D28="","-",SUMIFS('📋 Registo Diário'!$Q$7:$Q$646,'📋 Registo Diário'!$D$7:$D$646,D28,'📋 Registo Diário'!$B$7:$B$646,"Semana 2")) -> - | G28: =IF(OR(E28="-",F28="-"),"-",E28+F28) -> - | H28: =IF(G28="-","-",INT(G28/2)) -> - | I28: =IF(G28="-","-",G28-INT(G28/2)) -> -
B29: 8 | E29: =IF(C29="","-",SUMIFS('📋 Registo Diário'!$Q$7:$Q$646,'📋 Registo Diário'!$D$7:$D$646,C29,'📋 Registo Diário'!$B$7:$B$646,"Semana 2")) -> - | F29: =IF(D29="","-",SUMIFS('📋 Registo Diário'!$Q$7:$Q$646,'📋 Registo Diário'!$D$7:$D$646,D29,'📋 Registo Diário'!$B$7:$B$646,"Semana 2")) -> - | G29: =IF(OR(E29="-",F29="-"),"-",E29+F29) -> - | H29: =IF(G29="-","-",INT(G29/2)) -> - | I29: =IF(G29="-","-",G29-INT(G29/2)) -> -
B30: 9 | E30: =IF(C30="","-",SUMIFS('📋 Registo Diário'!$Q$7:$Q$646,'📋 Registo Diário'!$D$7:$D$646,C30,'📋 Registo Diário'!$B$7:$B$646,"Semana 2")) -> - | F30: =IF(D30="","-",SUMIFS('📋 Registo Diário'!$Q$7:$Q$646,'📋 Registo Diário'!$D$7:$D$646,D30,'📋 Registo Diário'!$B$7:$B$646,"Semana 2")) -> - | G30: =IF(OR(E30="-",F30="-"),"-",E30+F30) -> - | H30: =IF(G30="-","-",INT(G30/2)) -> - | I30: =IF(G30="-","-",G30-INT(G30/2)) -> -
B31: 10 | E31: =IF(C31="","-",SUMIFS('📋 Registo Diário'!$Q$7:$Q$646,'📋 Registo Diário'!$D$7:$D$646,C31,'📋 Registo Diário'!$B$7:$B$646,"Semana 2")) -> - | F31: =IF(D31="","-",SUMIFS('📋 Registo Diário'!$Q$7:$Q$646,'📋 Registo Diário'!$D$7:$D$646,D31,'📋 Registo Diário'!$B$7:$B$646,"Semana 2")) -> - | G31: =IF(OR(E31="-",F31="-"),"-",E31+F31) -> - | H31: =IF(G31="-","-",INT(G31/2)) -> - | I31: =IF(G31="-","-",G31-INT(G31/2)) -> -
B32: Totais Semana 2 | E32: Total pontos gerados na semana → | G32: =IF(G22="-",0,G22)+IF(G23="-",0,G23)+IF(G24="-",0,G24)+IF(G25="-",0,G25)+IF(G26="-",0,G26)+IF(G27="-",0,G27)+IF(G28="-",0,G28)+IF(G29="-",0,G29)+IF(G30="-",0,G30)+IF(G31="-",0,G31) -> 0
B34: SEMANA 3
B35: Dupla | C35: Participante 1 | D35: Participante 2 | E35: Pts P1 (semana) | F35: Pts P2 (semana) | G35: Total Dupla | H35: Transição P1 (÷2) | I35: Transição P2 (÷2)
B36: 1 | E36: =IF(C36="","-",SUMIFS('📋 Registo Diário'!$Q$7:$Q$646,'📋 Registo Diário'!$D$7:$D$646,C36,'📋 Registo Diário'!$B$7:$B$646,"Semana 3")) -> - | F36: =IF(D36="","-",SUMIFS('📋 Registo Diário'!$Q$7:$Q$646,'📋 Registo Diário'!$D$7:$D$646,D36,'📋 Registo Diário'!$B$7:$B$646,"Semana 3")) -> - | G36: =IF(OR(E36="-",F36="-"),"-",E36+F36) -> - | H36: =IF(G36="-","-",INT(G36/2)) -> - | I36: =IF(G36="-","-",G36-INT(G36/2)) -> -
B37: 2 | E37: =IF(C37="","-",SUMIFS('📋 Registo Diário'!$Q$7:$Q$646,'📋 Registo Diário'!$D$7:$D$646,C37,'📋 Registo Diário'!$B$7:$B$646,"Semana 3")) -> - | F37: =IF(D37="","-",SUMIFS('📋 Registo Diário'!$Q$7:$Q$646,'📋 Registo Diário'!$D$7:$D$646,D37,'📋 Registo Diário'!$B$7:$B$646,"Semana 3")) -> - | G37: =IF(OR(E37="-",F37="-"),"-",E37+F37) -> - | H37: =IF(G37="-","-",INT(G37/2)) -> - | I37: =IF(G37="-","-",G37-INT(G37/2)) -> -
B38: 3 | E38: =IF(C38="","-",SUMIFS('📋 Registo Diário'!$Q$7:$Q$646,'📋 Registo Diário'!$D$7:$D$646,C38,'📋 Registo Diário'!$B$7:$B$646,"Semana 3")) -> - | F38: =IF(D38="","-",SUMIFS('📋 Registo Diário'!$Q$7:$Q$646,'📋 Registo Diário'!$D$7:$D$646,D38,'📋 Registo Diário'!$B$7:$B$646,"Semana 3")) -> - | G38: =IF(OR(E38="-",F38="-"),"-",E38+F38) -> - | H38: =IF(G38="-","-",INT(G38/2)) -> - | I38: =IF(G38="-","-",G38-INT(G38/2)) -> -
B39: 4 | E39: =IF(C39="","-",SUMIFS('📋 Registo Diário'!$Q$7:$Q$646,'📋 Registo Diário'!$D$7:$D$646,C39,'📋 Registo Diário'!$B$7:$B$646,"Semana 3")) -> - | F39: =IF(D39="","-",SUMIFS('📋 Registo Diário'!$Q$7:$Q$646,'📋 Registo Diário'!$D$7:$D$646,D39,'📋 Registo Diário'!$B$7:$B$646,"Semana 3")) -> - | G39: =IF(OR(E39="-",F39="-"),"-",E39+F39) -> - | H39: =IF(G39="-","-",INT(G39/2)) -> - | I39: =IF(G39="-","-",G39-INT(G39/2)) -> -
B40: 5 | E40: =IF(C40="","-",SUMIFS('📋 Registo Diário'!$Q$7:$Q$646,'📋 Registo Diário'!$D$7:$D$646,C40,'📋 Registo Diário'!$B$7:$B$646,"Semana 3")) -> - | F40: =IF(D40="","-",SUMIFS('📋 Registo Diário'!$Q$7:$Q$646,'📋 Registo Diário'!$D$7:$D$646,D40,'📋 Registo Diário'!$B$7:$B$646,"Semana 3")) -> - | G40: =IF(OR(E40="-",F40="-"),"-",E40+F40) -> - | H40: =IF(G40="-","-",INT(G40/2)) -> - | I40: =IF(G40="-","-",G40-INT(G40/2)) -> -
B41: 6 | E41: =IF(C41="","-",SUMIFS('📋 Registo Diário'!$Q$7:$Q$646,'📋 Registo Diário'!$D$7:$D$646,C41,'📋 Registo Diário'!$B$7:$B$646,"Semana 3")) -> - | F41: =IF(D41="","-",SUMIFS('📋 Registo Diário'!$Q$7:$Q$646,'📋 Registo Diário'!$D$7:$D$646,D41,'📋 Registo Diário'!$B$7:$B$646,"Semana 3")) -> - | G41: =IF(OR(E41="-",F41="-"),"-",E41+F41) -> - | H41: =IF(G41="-","-",INT(G41/2)) -> - | I41: =IF(G41="-","-",G41-INT(G41/2)) -> -
B42: 7 | E42: =IF(C42="","-",SUMIFS('📋 Registo Diário'!$Q$7:$Q$646,'📋 Registo Diário'!$D$7:$D$646,C42,'📋 Registo Diário'!$B$7:$B$646,"Semana 3")) -> - | F42: =IF(D42="","-",SUMIFS('📋 Registo Diário'!$Q$7:$Q$646,'📋 Registo Diário'!$D$7:$D$646,D42,'📋 Registo Diário'!$B$7:$B$646,"Semana 3")) -> - | G42: =IF(OR(E42="-",F42="-"),"-",E42+F42) -> - | H42: =IF(G42="-","-",INT(G42/2)) -> - | I42: =IF(G42="-","-",G42-INT(G42/2)) -> -
B43: 8 | E43: =IF(C43="","-",SUMIFS('📋 Registo Diário'!$Q$7:$Q$646,'📋 Registo Diário'!$D$7:$D$646,C43,'📋 Registo Diário'!$B$7:$B$646,"Semana 3")) -> - | F43: =IF(D43="","-",SUMIFS('📋 Registo Diário'!$Q$7:$Q$646,'📋 Registo Diário'!$D$7:$D$646,D43,'📋 Registo Diário'!$B$7:$B$646,"Semana 3")) -> - | G43: =IF(OR(E43="-",F43="-"),"-",E43+F43) -> - | H43: =IF(G43="-","-",INT(G43/2)) -> - | I43: =IF(G43="-","-",G43-INT(G43/2)) -> -
B44: 9 | E44: =IF(C44="","-",SUMIFS('📋 Registo Diário'!$Q$7:$Q$646,'📋 Registo Diário'!$D$7:$D$646,C44,'📋 Registo Diário'!$B$7:$B$646,"Semana 3")) -> - | F44: =IF(D44="","-",SUMIFS('📋 Registo Diário'!$Q$7:$Q$646,'📋 Registo Diário'!$D$7:$D$646,D44,'📋 Registo Diário'!$B$7:$B$646,"Semana 3")) -> - | G44: =IF(OR(E44="-",F44="-"),"-",E44+F44) -> - | H44: =IF(G44="-","-",INT(G44/2)) -> - | I44: =IF(G44="-","-",G44-INT(G44/2)) -> -
B45: 10 | E45: =IF(C45="","-",SUMIFS('📋 Registo Diário'!$Q$7:$Q$646,'📋 Registo Diário'!$D$7:$D$646,C45,'📋 Registo Diário'!$B$7:$B$646,"Semana 3")) -> - | F45: =IF(D45="","-",SUMIFS('📋 Registo Diário'!$Q$7:$Q$646,'📋 Registo Diário'!$D$7:$D$646,D45,'📋 Registo Diário'!$B$7:$B$646,"Semana 3")) -> - | G45: =IF(OR(E45="-",F45="-"),"-",E45+F45) -> - | H45: =IF(G45="-","-",INT(G45/2)) -> - | I45: =IF(G45="-","-",G45-INT(G45/2)) -> -
B46: Totais Semana 3 | E46: Total pontos gerados na semana → | G46: =IF(G36="-",0,G36)+IF(G37="-",0,G37)+IF(G38="-",0,G38)+IF(G39="-",0,G39)+IF(G40="-",0,G40)+IF(G41="-",0,G41)+IF(G42="-",0,G42)+IF(G43="-",0,G43)+IF(G44="-",0,G44)+IF(G45="-",0,G45) -> 0
B48: SEMANA 4
B49: Dupla | C49: Participante 1 | D49: Participante 2 | E49: Pts P1 (semana) | F49: Pts P2 (semana) | G49: Total Dupla | H49: Transição P1 (÷2) | I49: Transição P2 (÷2)
B50: 1 | E50: =IF(C50="","-",SUMIFS('📋 Registo Diário'!$Q$7:$Q$646,'📋 Registo Diário'!$D$7:$D$646,C50,'📋 Registo Diário'!$B$7:$B$646,"Semana 4")) -> - | F50: =IF(D50="","-",SUMIFS('📋 Registo Diário'!$Q$7:$Q$646,'📋 Registo Diário'!$D$7:$D$646,D50,'📋 Registo Diário'!$B$7:$B$646,"Semana 4")) -> - | G50: =IF(OR(E50="-",F50="-"),"-",E50+F50) -> - | H50: =IF(G50="-","-",INT(G50/2)) -> - | I50: =IF(G50="-","-",G50-INT(G50/2)) -> -
B51: 2 | E51: =IF(C51="","-",SUMIFS('📋 Registo Diário'!$Q$7:$Q$646,'📋 Registo Diário'!$D$7:$D$646,C51,'📋 Registo Diário'!$B$7:$B$646,"Semana 4")) -> - | F51: =IF(D51="","-",SUMIFS('📋 Registo Diário'!$Q$7:$Q$646,'📋 Registo Diário'!$D$7:$D$646,D51,'📋 Registo Diário'!$B$7:$B$646,"Semana 4")) -> - | G51: =IF(OR(E51="-",F51="-"),"-",E51+F51) -> - | H51: =IF(G51="-","-",INT(G51/2)) -> - | I51: =IF(G51="-","-",G51-INT(G51/2)) -> -
B52: 3 | E52: =IF(C52="","-",SUMIFS('📋 Registo Diário'!$Q$7:$Q$646,'📋 Registo Diário'!$D$7:$D$646,C52,'📋 Registo Diário'!$B$7:$B$646,"Semana 4")) -> - | F52: =IF(D52="","-",SUMIFS('📋 Registo Diário'!$Q$7:$Q$646,'📋 Registo Diário'!$D$7:$D$646,D52,'📋 Registo Diário'!$B$7:$B$646,"Semana 4")) -> - | G52: =IF(OR(E52="-",F52="-"),"-",E52+F52) -> - | H52: =IF(G52="-","-",INT(G52/2)) -> - | I52: =IF(G52="-","-",G52-INT(G52/2)) -> -
B53: 4 | E53: =IF(C53="","-",SUMIFS('📋 Registo Diário'!$Q$7:$Q$646,'📋 Registo Diário'!$D$7:$D$646,C53,'📋 Registo Diário'!$B$7:$B$646,"Semana 4")) -> - | F53: =IF(D53="","-",SUMIFS('📋 Registo Diário'!$Q$7:$Q$646,'📋 Registo Diário'!$D$7:$D$646,D53,'📋 Registo Diário'!$B$7:$B$646,"Semana 4")) -> - | G53: =IF(OR(E53="-",F53="-"),"-",E53+F53) -> - | H53: =IF(G53="-","-",INT(G53/2)) -> - | I53: =IF(G53="-","-",G53-INT(G53/2)) -> -
B54: 5 | E54: =IF(C54="","-",SUMIFS('📋 Registo Diário'!$Q$7:$Q$646,'📋 Registo Diário'!$D$7:$D$646,C54,'📋 Registo Diário'!$B$7:$B$646,"Semana 4")) -> - | F54: =IF(D54="","-",SUMIFS('📋 Registo Diário'!$Q$7:$Q$646,'📋 Registo Diário'!$D$7:$D$646,D54,'📋 Registo Diário'!$B$7:$B$646,"Semana 4")) -> - | G54: =IF(OR(E54="-",F54="-"),"-",E54+F54) -> - | H54: =IF(G54="-","-",INT(G54/2)) -> - | I54: =IF(G54="-","-",G54-INT(G54/2)) -> -
B55: 6 | E55: =IF(C55="","-",SUMIFS('📋 Registo Diário'!$Q$7:$Q$646,'📋 Registo Diário'!$D$7:$D$646,C55,'📋 Registo Diário'!$B$7:$B$646,"Semana 4")) -> - | F55: =IF(D55="","-",SUMIFS('📋 Registo Diário'!$Q$7:$Q$646,'📋 Registo Diário'!$D$7:$D$646,D55,'📋 Registo Diário'!$B$7:$B$646,"Semana 4")) -> - | G55: =IF(OR(E55="-",F55="-"),"-",E55+F55) -> - | H55: =IF(G55="-","-",INT(G55/2)) -> - | I55: =IF(G55="-","-",G55-INT(G55/2)) -> -
B56: 7 | E56: =IF(C56="","-",SUMIFS('📋 Registo Diário'!$Q$7:$Q$646,'📋 Registo Diário'!$D$7:$D$646,C56,'📋 Registo Diário'!$B$7:$B$646,"Semana 4")) -> - | F56: =IF(D56="","-",SUMIFS('📋 Registo Diário'!$Q$7:$Q$646,'📋 Registo Diário'!$D$7:$D$646,D56,'📋 Registo Diário'!$B$7:$B$646,"Semana 4")) -> - | G56: =IF(OR(E56="-",F56="-"),"-",E56+F56) -> - | H56: =IF(G56="-","-",INT(G56/2)) -> - | I56: =IF(G56="-","-",G56-INT(G56/2)) -> -
B57: 8 | E57: =IF(C57="","-",SUMIFS('📋 Registo Diário'!$Q$7:$Q$646,'📋 Registo Diário'!$D$7:$D$646,C57,'📋 Registo Diário'!$B$7:$B$646,"Semana 4")) -> - | F57: =IF(D57="","-",SUMIFS('📋 Registo Diário'!$Q$7:$Q$646,'📋 Registo Diário'!$D$7:$D$646,D57,'📋 Registo Diário'!$B$7:$B$646,"Semana 4")) -> - | G57: =IF(OR(E57="-",F57="-"),"-",E57+F57) -> - | H57: =IF(G57="-","-",INT(G57/2)) -> - | I57: =IF(G57="-","-",G57-INT(G57/2)) -> -
B58: 9 | E58: =IF(C58="","-",SUMIFS('📋 Registo Diário'!$Q$7:$Q$646,'📋 Registo Diário'!$D$7:$D$646,C58,'📋 Registo Diário'!$B$7:$B$646,"Semana 4")) -> - | F58: =IF(D58="","-",SUMIFS('📋 Registo Diário'!$Q$7:$Q$646,'📋 Registo Diário'!$D$7:$D$646,D58,'📋 Registo Diário'!$B$7:$B$646,"Semana 4")) -> - | G58: =IF(OR(E58="-",F58="-"),"-",E58+F58) -> - | H58: =IF(G58="-","-",INT(G58/2)) -> - | I58: =IF(G58="-","-",G58-INT(G58/2)) -> -
B59: 10 | E59: =IF(C59="","-",SUMIFS('📋 Registo Diário'!$Q$7:$Q$646,'📋 Registo Diário'!$D$7:$D$646,C59,'📋 Registo Diário'!$B$7:$B$646,"Semana 4")) -> - | F59: =IF(D59="","-",SUMIFS('📋 Registo Diário'!$Q$7:$Q$646,'📋 Registo Diário'!$D$7:$D$646,D59,'📋 Registo Diário'!$B$7:$B$646,"Semana 4")) -> - | G59: =IF(OR(E59="-",F59="-"),"-",E59+F59) -> - | H59: =IF(G59="-","-",INT(G59/2)) -> - | I59: =IF(G59="-","-",G59-INT(G59/2)) -> -
B60: Totais Semana 4 | E60: Total pontos gerados na semana → | G60: =IF(G50="-",0,G50)+IF(G51="-",0,G51)+IF(G52="-",0,G52)+IF(G53="-",0,G53)+IF(G54="-",0,G54)+IF(G55="-",0,G55)+IF(G56="-",0,G56)+IF(G57="-",0,G57)+IF(G58="-",0,G58)+IF(G59="-",0,G59) -> 0
B62: SEMANA 5
B63: Dupla | C63: Participante 1 | D63: Participante 2 | E63: Pts P1 (semana) | F63: Pts P2 (semana) | G63: Total Dupla | H63: Transição P1 (÷2) | I63: Transição P2 (÷2)
B64: 1 | E64: =IF(C64="","-",SUMIFS('📋 Registo Diário'!$Q$7:$Q$646,'📋 Registo Diário'!$D$7:$D$646,C64,'📋 Registo Diário'!$B$7:$B$646,"Semana 5")) -> - | F64: =IF(D64="","-",SUMIFS('📋 Registo Diário'!$Q$7:$Q$646,'📋 Registo Diário'!$D$7:$D$646,D64,'📋 Registo Diário'!$B$7:$B$646,"Semana 5")) -> - | G64: =IF(OR(E64="-",F64="-"),"-",E64+F64) -> - | H64: =IF(G64="-","-",INT(G64/2)) -> - | I64: =IF(G64="-","-",G64-INT(G64/2)) -> -
B65: 2 | E65: =IF(C65="","-",SUMIFS('📋 Registo Diário'!$Q$7:$Q$646,'📋 Registo Diário'!$D$7:$D$646,C65,'📋 Registo Diário'!$B$7:$B$646,"Semana 5")) -> - | F65: =IF(D65="","-",SUMIFS('📋 Registo Diário'!$Q$7:$Q$646,'📋 Registo Diário'!$D$7:$D$646,D65,'📋 Registo Diário'!$B$7:$B$646,"Semana 5")) -> - | G65: =IF(OR(E65="-",F65="-"),"-",E65+F65) -> - | H65: =IF(G65="-","-",INT(G65/2)) -> - | I65: =IF(G65="-","-",G65-INT(G65/2)) -> -
B66: 3 | E66: =IF(C66="","-",SUMIFS('📋 Registo Diário'!$Q$7:$Q$646,'📋 Registo Diário'!$D$7:$D$646,C66,'📋 Registo Diário'!$B$7:$B$646,"Semana 5")) -> - | F66: =IF(D66="","-",SUMIFS('📋 Registo Diário'!$Q$7:$Q$646,'📋 Registo Diário'!$D$7:$D$646,D66,'📋 Registo Diário'!$B$7:$B$646,"Semana 5")) -> - | G66: =IF(OR(E66="-",F66="-"),"-",E66+F66) -> - | H66: =IF(G66="-","-",INT(G66/2)) -> - | I66: =IF(G66="-","-",G66-INT(G66/2)) -> -
B67: 4 | E67: =IF(C67="","-",SUMIFS('📋 Registo Diário'!$Q$7:$Q$646,'📋 Registo Diário'!$D$7:$D$646,C67,'📋 Registo Diário'!$B$7:$B$646,"Semana 5")) -> - | F67: =IF(D67="","-",SUMIFS('📋 Registo Diário'!$Q$7:$Q$646,'📋 Registo Diário'!$D$7:$D$646,D67,'📋 Registo Diário'!$B$7:$B$646,"Semana 5")) -> - | G67: =IF(OR(E67="-",F67="-"),"-",E67+F67) -> - | H67: =IF(G67="-","-",INT(G67/2)) -> - | I67: =IF(G67="-","-",G67-INT(G67/2)) -> -
B68: 5 | E68: =IF(C68="","-",SUMIFS('📋 Registo Diário'!$Q$7:$Q$646,'📋 Registo Diário'!$D$7:$D$646,C68,'📋 Registo Diário'!$B$7:$B$646,"Semana 5")) -> - | F68: =IF(D68="","-",SUMIFS('📋 Registo Diário'!$Q$7:$Q$646,'📋 Registo Diário'!$D$7:$D$646,D68,'📋 Registo Diário'!$B$7:$B$646,"Semana 5")) -> - | G68: =IF(OR(E68="-",F68="-"),"-",E68+F68) -> - | H68: =IF(G68="-","-",INT(G68/2)) -> - | I68: =IF(G68="-","-",G68-INT(G68/2)) -> -
B69: 6 | E69: =IF(C69="","-",SUMIFS('📋 Registo Diário'!$Q$7:$Q$646,'📋 Registo Diário'!$D$7:$D$646,C69,'📋 Registo Diário'!$B$7:$B$646,"Semana 5")) -> - | F69: =IF(D69="","-",SUMIFS('📋 Registo Diário'!$Q$7:$Q$646,'📋 Registo Diário'!$D$7:$D$646,D69,'📋 Registo Diário'!$B$7:$B$646,"Semana 5")) -> - | G69: =IF(OR(E69="-",F69="-"),"-",E69+F69) -> - | H69: =IF(G69="-","-",INT(G69/2)) -> - | I69: =IF(G69="-","-",G69-INT(G69/2)) -> -
B70: 7 | E70: =IF(C70="","-",SUMIFS('📋 Registo Diário'!$Q$7:$Q$646,'📋 Registo Diário'!$D$7:$D$646,C70,'📋 Registo Diário'!$B$7:$B$646,"Semana 5")) -> - | F70: =IF(D70="","-",SUMIFS('📋 Registo Diário'!$Q$7:$Q$646,'📋 Registo Diário'!$D$7:$D$646,D70,'📋 Registo Diário'!$B$7:$B$646,"Semana 5")) -> - | G70: =IF(OR(E70="-",F70="-"),"-",E70+F70) -> - | H70: =IF(G70="-","-",INT(G70/2)) -> - | I70: =IF(G70="-","-",G70-INT(G70/2)) -> -
B71: 8 | E71: =IF(C71="","-",SUMIFS('📋 Registo Diário'!$Q$7:$Q$646,'📋 Registo Diário'!$D$7:$D$646,C71,'📋 Registo Diário'!$B$7:$B$646,"Semana 5")) -> - | F71: =IF(D71="","-",SUMIFS('📋 Registo Diário'!$Q$7:$Q$646,'📋 Registo Diário'!$D$7:$D$646,D71,'📋 Registo Diário'!$B$7:$B$646,"Semana 5")) -> - | G71: =IF(OR(E71="-",F71="-"),"-",E71+F71) -> - | H71: =IF(G71="-","-",INT(G71/2)) -> - | I71: =IF(G71="-","-",G71-INT(G71/2)) -> -
B72: 9 | E72: =IF(C72="","-",SUMIFS('📋 Registo Diário'!$Q$7:$Q$646,'📋 Registo Diário'!$D$7:$D$646,C72,'📋 Registo Diário'!$B$7:$B$646,"Semana 5")) -> - | F72: =IF(D72="","-",SUMIFS('📋 Registo Diário'!$Q$7:$Q$646,'📋 Registo Diário'!$D$7:$D$646,D72,'📋 Registo Diário'!$B$7:$B$646,"Semana 5")) -> - | G72: =IF(OR(E72="-",F72="-"),"-",E72+F72) -> - | H72: =IF(G72="-","-",INT(G72/2)) -> - | I72: =IF(G72="-","-",G72-INT(G72/2)) -> -
B73: 10 | E73: =IF(C73="","-",SUMIFS('📋 Registo Diário'!$Q$7:$Q$646,'📋 Registo Diário'!$D$7:$D$646,C73,'📋 Registo Diário'!$B$7:$B$646,"Semana 5")) -> - | F73: =IF(D73="","-",SUMIFS('📋 Registo Diário'!$Q$7:$Q$646,'📋 Registo Diário'!$D$7:$D$646,D73,'📋 Registo Diário'!$B$7:$B$646,"Semana 5")) -> - | G73: =IF(OR(E73="-",F73="-"),"-",E73+F73) -> - | H73: =IF(G73="-","-",INT(G73/2)) -> - | I73: =IF(G73="-","-",G73-INT(G73/2)) -> -
B74: Totais Semana 5 | E74: Total pontos gerados na semana → | G74: =IF(G64="-",0,G64)+IF(G65="-",0,G65)+IF(G66="-",0,G66)+IF(G67="-",0,G67)+IF(G68="-",0,G68)+IF(G69="-",0,G69)+IF(G70="-",0,G70)+IF(G71="-",0,G71)+IF(G72="-",0,G72)+IF(G73="-",0,G73) -> 0
B76: SEMANA 6
B77: Dupla | C77: Participante 1 | D77: Participante 2 | E77: Pts P1 (semana) | F77: Pts P2 (semana) | G77: Total Dupla | H77: Transição P1 (÷2) | I77: Transição P2 (÷2)
B78: 1 | E78: =IF(C78="","-",SUMIFS('📋 Registo Diário'!$Q$7:$Q$646,'📋 Registo Diário'!$D$7:$D$646,C78,'📋 Registo Diário'!$B$7:$B$646,"Semana 6")) -> - | F78: =IF(D78="","-",SUMIFS('📋 Registo Diário'!$Q$7:$Q$646,'📋 Registo Diário'!$D$7:$D$646,D78,'📋 Registo Diário'!$B$7:$B$646,"Semana 6")) -> - | G78: =IF(OR(E78="-",F78="-"),"-",E78+F78) -> - | H78: =IF(G78="-","-",INT(G78/2)) -> - | I78: =IF(G78="-","-",G78-INT(G78/2)) -> -
B79: 2 | E79: =IF(C79="","-",SUMIFS('📋 Registo Diário'!$Q$7:$Q$646,'📋 Registo Diário'!$D$7:$D$646,C79,'📋 Registo Diário'!$B$7:$B$646,"Semana 6")) -> - | F79: =IF(D79="","-",SUMIFS('📋 Registo Diário'!$Q$7:$Q$646,'📋 Registo Diário'!$D$7:$D$646,D79,'📋 Registo Diário'!$B$7:$B$646,"Semana 6")) -> - | G79: =IF(OR(E79="-",F79="-"),"-",E79+F79) -> - | H79: =IF(G79="-","-",INT(G79/2)) -> - | I79: =IF(G79="-","-",G79-INT(G79/2)) -> -
B80: 3 | E80: =IF(C80="","-",SUMIFS('📋 Registo Diário'!$Q$7:$Q$646,'📋 Registo Diário'!$D$7:$D$646,C80,'📋 Registo Diário'!$B$7:$B$646,"Semana 6")) -> - | F80: =IF(D80="","-",SUMIFS('📋 Registo Diário'!$Q$7:$Q$646,'📋 Registo Diário'!$D$7:$D$646,D80,'📋 Registo Diário'!$B$7:$B$646,"Semana 6")) -> - | G80: =IF(OR(E80="-",F80="-"),"-",E80+F80) -> - | H80: =IF(G80="-","-",INT(G80/2)) -> - | I80: =IF(G80="-","-",G80-INT(G80/2)) -> -
B81: 4 | E81: =IF(C81="","-",SUMIFS('📋 Registo Diário'!$Q$7:$Q$646,'📋 Registo Diário'!$D$7:$D$646,C81,'📋 Registo Diário'!$B$7:$B$646,"Semana 6")) -> - | F81: =IF(D81="","-",SUMIFS('📋 Registo Diário'!$Q$7:$Q$646,'📋 Registo Diário'!$D$7:$D$646,D81,'📋 Registo Diário'!$B$7:$B$646,"Semana 6")) -> - | G81: =IF(OR(E81="-",F81="-"),"-",E81+F81) -> - | H81: =IF(G81="-","-",INT(G81/2)) -> - | I81: =IF(G81="-","-",G81-INT(G81/2)) -> -
B82: 5 | E82: =IF(C82="","-",SUMIFS('📋 Registo Diário'!$Q$7:$Q$646,'📋 Registo Diário'!$D$7:$D$646,C82,'📋 Registo Diário'!$B$7:$B$646,"Semana 6")) -> - | F82: =IF(D82="","-",SUMIFS('📋 Registo Diário'!$Q$7:$Q$646,'📋 Registo Diário'!$D$7:$D$646,D82,'📋 Registo Diário'!$B$7:$B$646,"Semana 6")) -> - | G82: =IF(OR(E82="-",F82="-"),"-",E82+F82) -> - | H82: =IF(G82="-","-",INT(G82/2)) -> - | I82: =IF(G82="-","-",G82-INT(G82/2)) -> -
B83: 6 | E83: =IF(C83="","-",SUMIFS('📋 Registo Diário'!$Q$7:$Q$646,'📋 Registo Diário'!$D$7:$D$646,C83,'📋 Registo Diário'!$B$7:$B$646,"Semana 6")) -> - | F83: =IF(D83="","-",SUMIFS('📋 Registo Diário'!$Q$7:$Q$646,'📋 Registo Diário'!$D$7:$D$646,D83,'📋 Registo Diário'!$B$7:$B$646,"Semana 6")) -> - | G83: =IF(OR(E83="-",F83="-"),"-",E83+F83) -> - | H83: =IF(G83="-","-",INT(G83/2)) -> - | I83: =IF(G83="-","-",G83-INT(G83/2)) -> -
B84: 7 | E84: =IF(C84="","-",SUMIFS('📋 Registo Diário'!$Q$7:$Q$646,'📋 Registo Diário'!$D$7:$D$646,C84,'📋 Registo Diário'!$B$7:$B$646,"Semana 6")) -> - | F84: =IF(D84="","-",SUMIFS('📋 Registo Diário'!$Q$7:$Q$646,'📋 Registo Diário'!$D$7:$D$646,D84,'📋 Registo Diário'!$B$7:$B$646,"Semana 6")) -> - | G84: =IF(OR(E84="-",F84="-"),"-",E84+F84) -> - | H84: =IF(G84="-","-",INT(G84/2)) -> - | I84: =IF(G84="-","-",G84-INT(G84/2)) -> -
B85: 8 | E85: =IF(C85="","-",SUMIFS('📋 Registo Diário'!$Q$7:$Q$646,'📋 Registo Diário'!$D$7:$D$646,C85,'📋 Registo Diário'!$B$7:$B$646,"Semana 6")) -> - | F85: =IF(D85="","-",SUMIFS('📋 Registo Diário'!$Q$7:$Q$646,'📋 Registo Diário'!$D$7:$D$646,D85,'📋 Registo Diário'!$B$7:$B$646,"Semana 6")) -> - | G85: =IF(OR(E85="-",F85="-"),"-",E85+F85) -> - | H85: =IF(G85="-","-",INT(G85/2)) -> - | I85: =IF(G85="-","-",G85-INT(G85/2)) -> -
B86: 9 | E86: =IF(C86="","-",SUMIFS('📋 Registo Diário'!$Q$7:$Q$646,'📋 Registo Diário'!$D$7:$D$646,C86,'📋 Registo Diário'!$B$7:$B$646,"Semana 6")) -> - | F86: =IF(D86="","-",SUMIFS('📋 Registo Diário'!$Q$7:$Q$646,'📋 Registo Diário'!$D$7:$D$646,D86,'📋 Registo Diário'!$B$7:$B$646,"Semana 6")) -> - | G86: =IF(OR(E86="-",F86="-"),"-",E86+F86) -> - | H86: =IF(G86="-","-",INT(G86/2)) -> - | I86: =IF(G86="-","-",G86-INT(G86/2)) -> -
B87: 10 | E87: =IF(C87="","-",SUMIFS('📋 Registo Diário'!$Q$7:$Q$646,'📋 Registo Diário'!$D$7:$D$646,C87,'📋 Registo Diário'!$B$7:$B$646,"Semana 6")) -> - | F87: =IF(D87="","-",SUMIFS('📋 Registo Diário'!$Q$7:$Q$646,'📋 Registo Diário'!$D$7:$D$646,D87,'📋 Registo Diário'!$B$7:$B$646,"Semana 6")) -> - | G87: =IF(OR(E87="-",F87="-"),"-",E87+F87) -> - | H87: =IF(G87="-","-",INT(G87/2)) -> - | I87: =IF(G87="-","-",G87-INT(G87/2)) -> -
B88: Totais Semana 6 | E88: Total pontos gerados na semana → | G88: =IF(G78="-",0,G78)+IF(G79="-",0,G79)+IF(G80="-",0,G80)+IF(G81="-",0,G81)+IF(G82="-",0,G82)+IF(G83="-",0,G83)+IF(G84="-",0,G84)+IF(G85="-",0,G85)+IF(G86="-",0,G86)+IF(G87="-",0,G87) -> 0
B90: SEMANA 7
B91: Dupla | C91: Participante 1 | D91: Participante 2 | E91: Pts P1 (semana) | F91: Pts P2 (semana) | G91: Total Dupla | H91: Transição P1 (÷2) | I91: Transição P2 (÷2)
B92: 1 | E92: =IF(C92="","-",SUMIFS('📋 Registo Diário'!$Q$7:$Q$646,'📋 Registo Diário'!$D$7:$D$646,C92,'📋 Registo Diário'!$B$7:$B$646,"Semana 7")) -> - | F92: =IF(D92="","-",SUMIFS('📋 Registo Diário'!$Q$7:$Q$646,'📋 Registo Diário'!$D$7:$D$646,D92,'📋 Registo Diário'!$B$7:$B$646,"Semana 7")) -> - | G92: =IF(OR(E92="-",F92="-"),"-",E92+F92) -> - | H92: =IF(G92="-","-",INT(G92/2)) -> - | I92: =IF(G92="-","-",G92-INT(G92/2)) -> -
B93: 2 | E93: =IF(C93="","-",SUMIFS('📋 Registo Diário'!$Q$7:$Q$646,'📋 Registo Diário'!$D$7:$D$646,C93,'📋 Registo Diário'!$B$7:$B$646,"Semana 7")) -> - | F93: =IF(D93="","-",SUMIFS('📋 Registo Diário'!$Q$7:$Q$646,'📋 Registo Diário'!$D$7:$D$646,D93,'📋 Registo Diário'!$B$7:$B$646,"Semana 7")) -> - | G93: =IF(OR(E93="-",F93="-"),"-",E93+F93) -> - | H93: =IF(G93="-","-",INT(G93/2)) -> - | I93: =IF(G93="-","-",G93-INT(G93/2)) -> -
B94: 3 | E94: =IF(C94="","-",SUMIFS('📋 Registo Diário'!$Q$7:$Q$646,'📋 Registo Diário'!$D$7:$D$646,C94,'📋 Registo Diário'!$B$7:$B$646,"Semana 7")) -> - | F94: =IF(D94="","-",SUMIFS('📋 Registo Diário'!$Q$7:$Q$646,'📋 Registo Diário'!$D$7:$D$646,D94,'📋 Registo Diário'!$B$7:$B$646,"Semana 7")) -> - | G94: =IF(OR(E94="-",F94="-"),"-",E94+F94) -> - | H94: =IF(G94="-","-",INT(G94/2)) -> - | I94: =IF(G94="-","-",G94-INT(G94/2)) -> -
B95: 4 | E95: =IF(C95="","-",SUMIFS('📋 Registo Diário'!$Q$7:$Q$646,'📋 Registo Diário'!$D$7:$D$646,C95,'📋 Registo Diário'!$B$7:$B$646,"Semana 7")) -> - | F95: =IF(D95="","-",SUMIFS('📋 Registo Diário'!$Q$7:$Q$646,'📋 Registo Diário'!$D$7:$D$646,D95,'📋 Registo Diário'!$B$7:$B$646,"Semana 7")) -> - | G95: =IF(OR(E95="-",F95="-"),"-",E95+F95) -> - | H95: =IF(G95="-","-",INT(G95/2)) -> - | I95: =IF(G95="-","-",G95-INT(G95/2)) -> -
B96: 5 | E96: =IF(C96="","-",SUMIFS('📋 Registo Diário'!$Q$7:$Q$646,'📋 Registo Diário'!$D$7:$D$646,C96,'📋 Registo Diário'!$B$7:$B$646,"Semana 7")) -> - | F96: =IF(D96="","-",SUMIFS('📋 Registo Diário'!$Q$7:$Q$646,'📋 Registo Diário'!$D$7:$D$646,D96,'📋 Registo Diário'!$B$7:$B$646,"Semana 7")) -> - | G96: =IF(OR(E96="-",F96="-"),"-",E96+F96) -> - | H96: =IF(G96="-","-",INT(G96/2)) -> - | I96: =IF(G96="-","-",G96-INT(G96/2)) -> -
B97: 6 | E97: =IF(C97="","-",SUMIFS('📋 Registo Diário'!$Q$7:$Q$646,'📋 Registo Diário'!$D$7:$D$646,C97,'📋 Registo Diário'!$B$7:$B$646,"Semana 7")) -> - | F97: =IF(D97="","-",SUMIFS('📋 Registo Diário'!$Q$7:$Q$646,'📋 Registo Diário'!$D$7:$D$646,D97,'📋 Registo Diário'!$B$7:$B$646,"Semana 7")) -> - | G97: =IF(OR(E97="-",F97="-"),"-",E97+F97) -> - | H97: =IF(G97="-","-",INT(G97/2)) -> - | I97: =IF(G97="-","-",G97-INT(G97/2)) -> -
B98: 7 | E98: =IF(C98="","-",SUMIFS('📋 Registo Diário'!$Q$7:$Q$646,'📋 Registo Diário'!$D$7:$D$646,C98,'📋 Registo Diário'!$B$7:$B$646,"Semana 7")) -> - | F98: =IF(D98="","-",SUMIFS('📋 Registo Diário'!$Q$7:$Q$646,'📋 Registo Diário'!$D$7:$D$646,D98,'📋 Registo Diário'!$B$7:$B$646,"Semana 7")) -> - | G98: =IF(OR(E98="-",F98="-"),"-",E98+F98) -> - | H98: =IF(G98="-","-",INT(G98/2)) -> - | I98: =IF(G98="-","-",G98-INT(G98/2)) -> -
B99: 8 | E99: =IF(C99="","-",SUMIFS('📋 Registo Diário'!$Q$7:$Q$646,'📋 Registo Diário'!$D$7:$D$646,C99,'📋 Registo Diário'!$B$7:$B$646,"Semana 7")) -> - | F99: =IF(D99="","-",SUMIFS('📋 Registo Diário'!$Q$7:$Q$646,'📋 Registo Diário'!$D$7:$D$646,D99,'📋 Registo Diário'!$B$7:$B$646,"Semana 7")) -> - | G99: =IF(OR(E99="-",F99="-"),"-",E99+F99) -> - | H99: =IF(G99="-","-",INT(G99/2)) -> - | I99: =IF(G99="-","-",G99-INT(G99/2)) -> -
B100: 9 | E100: =IF(C100="","-",SUMIFS('📋 Registo Diário'!$Q$7:$Q$646,'📋 Registo Diário'!$D$7:$D$646,C100,'📋 Registo Diário'!$B$7:$B$646,"Semana 7")) -> - | F100: =IF(D100="","-",SUMIFS('📋 Registo Diário'!$Q$7:$Q$646,'📋 Registo Diário'!$D$7:$D$646,D100,'📋 Registo Diário'!$B$7:$B$646,"Semana 7")) -> - | G100: =IF(OR(E100="-",F100="-"),"-",E100+F100) -> - | H100: =IF(G100="-","-",INT(G100/2)) -> - | I100: =IF(G100="-","-",G100-INT(G100/2)) -> -
B101: 10 | E101: =IF(C101="","-",SUMIFS('📋 Registo Diário'!$Q$7:$Q$646,'📋 Registo Diário'!$D$7:$D$646,C101,'📋 Registo Diário'!$B$7:$B$646,"Semana 7")) -> - | F101: =IF(D101="","-",SUMIFS('📋 Registo Diário'!$Q$7:$Q$646,'📋 Registo Diário'!$D$7:$D$646,D101,'📋 Registo Diário'!$B$7:$B$646,"Semana 7")) -> - | G101: =IF(OR(E101="-",F101="-"),"-",E101+F101) -> - | H101: =IF(G101="-","-",INT(G101/2)) -> - | I101: =IF(G101="-","-",G101-INT(G101/2)) -> -
B102: Totais Semana 7 | E102: Total pontos gerados na semana → | G102: =IF(G92="-",0,G92)+IF(G93="-",0,G93)+IF(G94="-",0,G94)+IF(G95="-",0,G95)+IF(G96="-",0,G96)+IF(G97="-",0,G97)+IF(G98="-",0,G98)+IF(G99="-",0,G99)+IF(G100="-",0,G100)+IF(G101="-",0,G101) -> 0
B104: SEMANA 8
B105: Dupla | C105: Participante 1 | D105: Participante 2 | E105: Pts P1 (semana) | F105: Pts P2 (semana) | G105: Total Dupla | H105: Transição P1 (÷2) | I105: Transição P2 (÷2)
B106: 1 | E106: =IF(C106="","-",SUMIFS('📋 Registo Diário'!$Q$7:$Q$646,'📋 Registo Diário'!$D$7:$D$646,C106,'📋 Registo Diário'!$B$7:$B$646,"Semana 8")) -> - | F106: =IF(D106="","-",SUMIFS('📋 Registo Diário'!$Q$7:$Q$646,'📋 Registo Diário'!$D$7:$D$646,D106,'📋 Registo Diário'!$B$7:$B$646,"Semana 8")) -> - | G106: =IF(OR(E106="-",F106="-"),"-",E106+F106) -> - | H106: =IF(G106="-","-",INT(G106/2)) -> - | I106: =IF(G106="-","-",G106-INT(G106/2)) -> -
B107: 2 | E107: =IF(C107="","-",SUMIFS('📋 Registo Diário'!$Q$7:$Q$646,'📋 Registo Diário'!$D$7:$D$646,C107,'📋 Registo Diário'!$B$7:$B$646,"Semana 8")) -> - | F107: =IF(D107="","-",SUMIFS('📋 Registo Diário'!$Q$7:$Q$646,'📋 Registo Diário'!$D$7:$D$646,D107,'📋 Registo Diário'!$B$7:$B$646,"Semana 8")) -> - | G107: =IF(OR(E107="-",F107="-"),"-",E107+F107) -> - | H107: =IF(G107="-","-",INT(G107/2)) -> - | I107: =IF(G107="-","-",G107-INT(G107/2)) -> -
B108: 3 | E108: =IF(C108="","-",SUMIFS('📋 Registo Diário'!$Q$7:$Q$646,'📋 Registo Diário'!$D$7:$D$646,C108,'📋 Registo Diário'!$B$7:$B$646,"Semana 8")) -> - | F108: =IF(D108="","-",SUMIFS('📋 Registo Diário'!$Q$7:$Q$646,'📋 Registo Diário'!$D$7:$D$646,D108,'📋 Registo Diário'!$B$7:$B$646,"Semana 8")) -> - | G108: =IF(OR(E108="-",F108="-"),"-",E108+F108) -> - | H108: =IF(G108="-","-",INT(G108/2)) -> - | I108: =IF(G108="-","-",G108-INT(G108/2)) -> -
B109: 4 | E109: =IF(C109="","-",SUMIFS('📋 Registo Diário'!$Q$7:$Q$646,'📋 Registo Diário'!$D$7:$D$646,C109,'📋 Registo Diário'!$B$7:$B$646,"Semana 8")) -> - | F109: =IF(D109="","-",SUMIFS('📋 Registo Diário'!$Q$7:$Q$646,'📋 Registo Diário'!$D$7:$D$646,D109,'📋 Registo Diário'!$B$7:$B$646,"Semana 8")) -> - | G109: =IF(OR(E109="-",F109="-"),"-",E109+F109) -> - | H109: =IF(G109="-","-",INT(G109/2)) -> - | I109: =IF(G109="-","-",G109-INT(G109/2)) -> -
B110: 5 | E110: =IF(C110="","-",SUMIFS('📋 Registo Diário'!$Q$7:$Q$646,'📋 Registo Diário'!$D$7:$D$646,C110,'📋 Registo Diário'!$B$7:$B$646,"Semana 8")) -> - | F110: =IF(D110="","-",SUMIFS('📋 Registo Diário'!$Q$7:$Q$646,'📋 Registo Diário'!$D$7:$D$646,D110,'📋 Registo Diário'!$B$7:$B$646,"Semana 8")) -> - | G110: =IF(OR(E110="-",F110="-"),"-",E110+F110) -> - | H110: =IF(G110="-","-",INT(G110/2)) -> - | I110: =IF(G110="-","-",G110-INT(G110/2)) -> -
...

Sheet 💱 Pontos Transitados
B2: 💱 BREAKING THE HABIT — PONTOS TRANSITADOS (AUTO)
B4: ✅ Esta folha é 100% automática — calcula os pontos transitados de cada participante diretamente da folha 🔄 Rotação Duplas. Não é necessário qualquer preenchimento manual. Os valores atualizam automaticamente quando as duplas da Rotação são definidas.
B5: Participante | C5: Transitado Sem. 1 | D5: Transitado Sem. 2 | E5: Transitado Sem. 3 | F5: Transitado Sem. 4 | G5: Transitado Sem. 5 | H5: Transitado Sem. 6 | I5: Transitado Sem. 7 | J5: Transitado Sem. 8 | K5: Total Transitado | L5: Pts Próprios (Registo) | M5: TOTAL FINAL
B6: ='⚙️ Configuração'!C30 -> Carla Cantante | C6: =IF('⚙️ Configuração'!C30='🔄 Rotação Duplas'!C8,IF('🔄 Rotação Duplas'!H8="-",0,'🔄 Rotação Duplas'!H8),IF('⚙️ Configuração'!C30='🔄 Rotação Duplas'!D8,IF('🔄 Rotação Duplas'!I8="-",0,'🔄 Rotação Duplas'!I8),0))+IF('⚙️ Configuração'!C30='🔄 Rotação Duplas'!C9,IF('🔄 Rotação Duplas'!H9="-",0,'🔄 Rotação Duplas'!H9),IF('⚙️ Configuração'!C30='🔄 Rotação Duplas'!D9,IF('🔄 Rotação Duplas'!I9="-",0,'🔄 Rotação Duplas'!I9),0))+IF('⚙️ Configuração'!C30='🔄 Rotação Duplas'!C10,IF('🔄 Rotação Duplas'!H10="-",0,'🔄 Rotação Duplas'!H10),IF('⚙️ Configuração'!C30='🔄 Rotação Duplas'!D10,IF('🔄 Rotação Duplas'!I10="-",0,'🔄 Rotação Duplas'!I10),0))+IF('⚙️ Configuração'!C30='🔄 Rotação Duplas'!C11,IF('🔄 Rotação Duplas'!H11="-",0,'🔄 Rotação Duplas'!H11),IF('⚙️ Configuração'!C30='🔄 Rotação Duplas'!D11,IF('🔄 Rotação Duplas'!I11="-",0,'🔄 Rotação Duplas'!I11),0))+IF('⚙️ Configuração'!C30='🔄 Rotação Duplas'!C12,IF('🔄 Rotação Duplas'!H12="-",0,'🔄 Rotação Duplas'!H12),IF('⚙️ Configuração'!C30='🔄 Rotação Duplas'!D12,IF('🔄 Rotação Duplas'!I12="-",0,'🔄 Rotação Duplas'!I12),0))+IF('⚙️ Configuração'!C30='🔄 Rotação Duplas'!C13,IF('🔄 Rotação Duplas'!H13="-",0,'🔄 Rotação Duplas'!H13),IF('⚙️ Configuração'!C30='🔄 Rotação Duplas'!D13,IF('🔄 Rotação Duplas'!I13="-",0,'🔄 Rotação Duplas'!I13),0))+IF('⚙️ Configuração'!C30='🔄 Rotação Duplas'!C14,IF('🔄 Rotação Duplas'!H14="-",0,'🔄 Rotação Duplas'!H14),IF('⚙️ Configuração'!C30='🔄 Rotação Duplas'!D14,IF('🔄 Rotação Duplas'!I14="-",0,'🔄 Rotação Duplas'!I14),0))+IF('⚙️ Configuração'!C30='🔄 Rotação Duplas'!C15,IF('🔄 Rotação Duplas'!H15="-",0,'🔄 Rotação Duplas'!H15),IF('⚙️ Configuração'!C30='🔄 Rotação Duplas'!D15,IF('🔄 Rotação Duplas'!I15="-",0,'🔄 Rotação Duplas'!I15),0))+IF('⚙️ Configuração'!C30='🔄 Rotação Duplas'!C16,IF('🔄 Rotação Duplas'!H16="-",0,'🔄 Rotação Duplas'!H16),IF('⚙️ Configuração'!C30='🔄 Rotação Duplas'!D16,IF('🔄 Rotação Duplas'!I16="-",0,'🔄 Rotação Duplas'!I16),0))+IF('⚙️ Configuração'!C30='🔄 Rotação Duplas'!C17,IF('🔄 Rotação Duplas'!H17="-",0,'🔄 Rotação Duplas'!H17),IF('⚙️ Configuração'!C30='🔄 Rotação Duplas'!D17,IF('🔄 Rotação Duplas'!I17="-",0,'🔄 Rotação Duplas'!I17),0)) -> 43 | D6: =IF('⚙️ Configuração'!C30='🔄 Rotação Duplas'!C22,IF('🔄 Rotação Duplas'!H22="-",0,'🔄 Rotação Duplas'!H22),IF('⚙️ Configuração'!C30='🔄 Rotação Duplas'!D22,IF('🔄 Rotação Duplas'!I22="-",0,'🔄 Rotação Duplas'!I22),0))+IF('⚙️ Configuração'!C30='🔄 Rotação Duplas'!C23,IF('🔄 Rotação Duplas'!H23="-",0,'🔄 Rotação Duplas'!H23),IF('⚙️ Configuração'!C30='🔄 Rotação Duplas'!D23,IF('🔄 Rotação Duplas'!I23="-",0,'🔄 Rotação Duplas'!I23),0))+IF('⚙️ Configuração'!C30='🔄 Rotação Duplas'!C24,IF('🔄 Rotação Duplas'!H24="-",0,'🔄 Rotação Duplas'!H24),IF('⚙️ Configuração'!C30='🔄 Rotação Duplas'!D24,IF('🔄 Rotação Duplas'!I24="-",0,'🔄 Rotação Duplas'!I24),0))+IF('⚙️ Configuração'!C30='🔄 Rotação Duplas'!C25,IF('🔄 Rotação Duplas'!H25="-",0,'🔄 Rotação Duplas'!H25),IF('⚙️ Configuração'!C30='🔄 Rotação Duplas'!D25,IF('🔄 Rotação Duplas'!I25="-",0,'🔄 Rotação Duplas'!I25),0))+IF('⚙️ Configuração'!C30='🔄 Rotação Duplas'!C26,IF('🔄 Rotação Duplas'!H26="-",0,'🔄 Rotação Duplas'!H26),IF('⚙️ Configuração'!C30='🔄 Rotação Duplas'!D26,IF('🔄 Rotação Duplas'!I26="-",0,'🔄 Rotação Duplas'!I26),0))+IF('⚙️ Configuração'!C30='🔄 Rotação Duplas'!C27,IF('🔄 Rotação Duplas'!H27="-",0,'🔄 Rotação Duplas'!H27),IF('⚙️ Configuração'!C30='🔄 Rotação Duplas'!D27,IF('🔄 Rotação Duplas'!I27="-",0,'🔄 Rotação Duplas'!I27),0))+IF('⚙️ Configuração'!C30='🔄 Rotação Duplas'!C28,IF('🔄 Rotação Duplas'!H28="-",0,'🔄 Rotação Duplas'!H28),IF('⚙️ Configuração'!C30='🔄 Rotação Duplas'!D28,IF('🔄 Rotação Duplas'!I28="-",0,'🔄 Rotação Duplas'!I28),0))+IF('⚙️ Configuração'!C30='🔄 Rotação Duplas'!C29,IF('🔄 Rotação Duplas'!H29="-",0,'🔄 Rotação Duplas'!H29),IF('⚙️ Configuração'!C30='🔄 Rotação Duplas'!D29,IF('🔄 Rotação Duplas'!I29="-",0,'🔄 Rotação Duplas'!I29),0))+IF('⚙️ Configuração'!C30='🔄 Rotação Duplas'!C30,IF('🔄 Rotação Duplas'!H30="-",0,'🔄 Rotação Duplas'!H30),IF('⚙️ Configuração'!C30='🔄 Rotação Duplas'!D30,IF('🔄 Rotação Duplas'!I30="-",0,'🔄 Rotação Duplas'!I30),0))+IF('⚙️ Configuração'!C30='🔄 Rotação Duplas'!C31,IF('🔄 Rotação Duplas'!H31="-",0,'🔄 Rotação Duplas'!H31),IF('⚙️ Configuração'!C30='🔄 Rotação Duplas'!D31,IF('🔄 Rotação Duplas'!I31="-",0,'🔄 Rotação Duplas'!I31),0)) -> 0 | E6: =IF('⚙️ Configuração'!C30='🔄 Rotação Duplas'!C36,IF('🔄 Rotação Duplas'!H36="-",0,'🔄 Rotação Duplas'!H36),IF('⚙️ Configuração'!C30='🔄 Rotação Duplas'!D36,IF('🔄 Rotação Duplas'!I36="-",0,'🔄 Rotação Duplas'!I36),0))+IF('⚙️ Configuração'!C30='🔄 Rotação Duplas'!C37,IF('🔄 Rotação Duplas'!H37="-",0,'🔄 Rotação Duplas'!H37),IF('⚙️ Configuração'!C30='🔄 Rotação Duplas'!D37,IF('🔄 Rotação Duplas'!I37="-",0,'🔄 Rotação Duplas'!I37),0))+IF('⚙️ Configuração'!C30='🔄 Rotação Duplas'!C38,IF('🔄 Rotação Duplas'!H38="-",0,'🔄 Rotação Duplas'!H38),IF('⚙️ Configuração'!C30='🔄 Rotação Duplas'!D38,IF('🔄 Rotação Duplas'!I38="-",0,'🔄 Rotação Duplas'!I38),0))+IF('⚙️ Configuração'!C30='🔄 Rotação Duplas'!C39,IF('🔄 Rotação Duplas'!H39="-",0,'🔄 Rotação Duplas'!H39),IF('⚙️ Configuração'!C30='🔄 Rotação Duplas'!D39,IF('🔄 Rotação Duplas'!I39="-",0,'🔄 Rotação Duplas'!I39),0))+IF('⚙️ Configuração'!C30='🔄 Rotação Duplas'!C40,IF('🔄 Rotação Duplas'!H40="-",0,'🔄 Rotação Duplas'!H40),IF('⚙️ Configuração'!C30='🔄 Rotação Duplas'!D40,IF('🔄 Rotação Duplas'!I40="-",0,'🔄 Rotação Duplas'!I40),0))+IF('⚙️ Configuração'!C30='🔄 Rotação Duplas'!C41,IF('🔄 Rotação Duplas'!H41="-",0,'🔄 Rotação Duplas'!H41),IF('⚙️ Configuração'!C30='🔄 Rotação Duplas'!D41,IF('🔄 Rotação Duplas'!I41="-",0,'🔄 Rotação Duplas'!I41),0))+IF('⚙️ Configuração'!C30='🔄 Rotação Duplas'!C42,IF('🔄 Rotação Duplas'!H42="-",0,'🔄 Rotação Duplas'!H42),IF('⚙️ Configuração'!C30='🔄 Rotação Duplas'!D42,IF('🔄 Rotação Duplas'!I42="-",0,'🔄 Rotação Duplas'!I42),0))+IF('⚙️ Configuração'!C30='🔄 Rotação Duplas'!C43,IF('🔄 Rotação Duplas'!H43="-",0,'🔄 Rotação Duplas'!H43),IF('⚙️ Configuração'!C30='🔄 Rotação Duplas'!D43,IF('🔄 Rotação Duplas'!I43="-",0,'🔄 Rotação Duplas'!I43),0))+IF('⚙️ Configuração'!C30='🔄 Rotação Duplas'!C44,IF('🔄 Rotação Duplas'!H44="-",0,'🔄 Rotação Duplas'!H44),IF('⚙️ Configuração'!C30='🔄 Rotação Duplas'!D44,IF('🔄 Rotação Duplas'!I44="-",0,'🔄 Rotação Duplas'!I44),0))+IF('⚙️ Configuração'!C30='🔄 Rotação Duplas'!C45,IF('🔄 Rotação Duplas'!H45="-",0,'🔄 Rotação Duplas'!H45),IF('⚙️ Configuração'!C30='🔄 Rotação Duplas'!D45,IF('🔄 Rotação Duplas'!I45="-",0,'🔄 Rotação Duplas'!I45),0)) -> 0 | F6: =IF('⚙️ Configuração'!C30='🔄 Rotação Duplas'!C50,IF('🔄 Rotação Duplas'!H50="-",0,'🔄 Rotação Duplas'!H50),IF('⚙️ Configuração'!C30='🔄 Rotação Duplas'!D50,IF('🔄 Rotação Duplas'!I50="-",0,'🔄 Rotação Duplas'!I50),0))+IF('⚙️ Configuração'!C30='🔄 Rotação Duplas'!C51,IF('🔄 Rotação Duplas'!H51="-",0,'🔄 Rotação Duplas'!H51),IF('⚙️ Configuração'!C30='🔄 Rotação Duplas'!D51,IF('🔄 Rotação Duplas'!I51="-",0,'🔄 Rotação Duplas'!I51),0))+IF('⚙️ Configuração'!C30='🔄 Rotação Duplas'!C52,IF('🔄 Rotação Duplas'!H52="-",0,'🔄 Rotação Duplas'!H52),IF('⚙️ Configuração'!C30='🔄 Rotação Duplas'!D52,IF('🔄 Rotação Duplas'!I52="-",0,'🔄 Rotação Duplas'!I52),0))+IF('⚙️ Configuração'!C30='🔄 Rotação Duplas'!C53,IF('🔄 Rotação Duplas'!H53="-",0,'🔄 Rotação Duplas'!H53),IF('⚙️ Configuração'!C30='🔄 Rotação Duplas'!D53,IF('🔄 Rotação Duplas'!I53="-",0,'🔄 Rotação Duplas'!I53),0))+IF('⚙️ Configuração'!C30='🔄 Rotação Duplas'!C54,IF('🔄 Rotação Duplas'!H54="-",0,'🔄 Rotação Duplas'!H54),IF('⚙️ Configuração'!C30='🔄 Rotação Duplas'!D54,IF('🔄 Rotação Duplas'!I54="-",0,'🔄 Rotação Duplas'!I54),0))+IF('⚙️ Configuração'!C30='🔄 Rotação Duplas'!C55,IF('🔄 Rotação Duplas'!H55="-",0,'🔄 Rotação Duplas'!H55),IF('⚙️ Configuração'!C30='🔄 Rotação Duplas'!D55,IF('🔄 Rotação Duplas'!I55="-",0,'🔄 Rotação Duplas'!I55),0))+IF('⚙️ Configuração'!C30='🔄 Rotação Duplas'!C56,IF('🔄 Rotação Duplas'!H56="-",0,'🔄 Rotação Duplas'!H56),IF('⚙️ Configuração'!C30='🔄 Rotação Duplas'!D56,IF('🔄 Rotação Duplas'!I56="-",0,'🔄 Rotação Duplas'!I56),0))+IF('⚙️ Configuração'!C30='🔄 Rotação Duplas'!C57,IF('🔄 Rotação Duplas'!H57="-",0,'🔄 Rotação Duplas'!H57),IF('⚙️ Configuração'!C30='🔄 Rotação Duplas'!D57,IF('🔄 Rotação Duplas'!I57="-",0,'🔄 Rotação Duplas'!I57),0))+IF('⚙️ Configuração'!C30='🔄 Rotação Duplas'!C58,IF('🔄 Rotação Duplas'!H58="-",0,'🔄 Rotação Duplas'!H58),IF('⚙️ Configuração'!C30='🔄 Rotação Duplas'!D58,IF('🔄 Rotação Duplas'!I58="-",0,'🔄 Rotação Duplas'!I58),0))+IF('⚙️ Configuração'!C30='🔄 Rotação Duplas'!C59,IF('🔄 Rotação Duplas'!H59="-",0,'🔄 Rotação Duplas'!H59),IF('⚙️ Configuração'!C30='🔄 Rotação Duplas'!D59,IF('🔄 Rotação Duplas'!I59="-",0,'🔄 Rotação Duplas'!I59),0)) -> 0 | G6: =IF('⚙️ Configuração'!C30='🔄 Rotação Duplas'!C64,IF('🔄 Rotação Duplas'!H64="-",0,'🔄 Rotação Duplas'!H64),IF('⚙️ Configuração'!C30='🔄 Rotação Duplas'!D64,IF('🔄 Rotação Duplas'!I64="-",0,'🔄 Rotação Duplas'!I64),0))+IF('⚙️ Configuração'!C30='🔄 Rotação Duplas'!C65,IF('🔄 Rotação Duplas'!H65="-",0,'🔄 Rotação Duplas'!H65),IF('⚙️ Configuração'!C30='🔄 Rotação Duplas'!D65,IF('🔄 Rotação Duplas'!I65="-",0,'🔄 Rotação Duplas'!I65),0))+IF('⚙️ Configuração'!C30='🔄 Rotação Duplas'!C66,IF('🔄 Rotação Duplas'!H66="-",0,'🔄 Rotação Duplas'!H66),IF('⚙️ Configuração'!C30='🔄 Rotação Duplas'!D66,IF('🔄 Rotação Duplas'!I66="-",0,'🔄 Rotação Duplas'!I66),0))+IF('⚙️ Configuração'!C30='🔄 Rotação Duplas'!C67,IF('🔄 Rotação Duplas'!H67="-",0,'🔄 Rotação Duplas'!H67),IF('⚙️ Configuração'!C30='🔄 Rotação Duplas'!D67,IF('🔄 Rotação Duplas'!I67="-",0,'🔄 Rotação Duplas'!I67),0))+IF('⚙️ Configuração'!C30='🔄 Rotação Duplas'!C68,IF('🔄 Rotação Duplas'!H68="-",0,'🔄 Rotação Duplas'!H68),IF('⚙️ Configuração'!C30='🔄 Rotação Duplas'!D68,IF('🔄 Rotação Duplas'!I68="-",0,'🔄 Rotação Duplas'!I68),0))+IF('⚙️ Configuração'!C30='🔄 Rotação Duplas'!C69,IF('🔄 Rotação Duplas'!H69="-",0,'🔄 Rotação Duplas'!H69),IF('⚙️ Configuração'!C30='🔄 Rotação Duplas'!D69,IF('🔄 Rotação Duplas'!I69="-",0,'🔄 Rotação Duplas'!I69),0))+IF('⚙️ Configuração'!C30='🔄 Rotação Duplas'!C70,IF('🔄 Rotação Duplas'!H70="-",0,'🔄 Rotação Duplas'!H70),IF('⚙️ Configuração'!C30='🔄 Rotação Duplas'!D70,IF('🔄 Rotação Duplas'!I70="-",0,'🔄 Rotação Duplas'!I70),0))+IF('⚙️ Configuração'!C30='🔄 Rotação Duplas'!C71,IF('🔄 Rotação Duplas'!H71="-",0,'🔄 Rotação Duplas'!H71),IF('⚙️ Configuração'!C30='🔄 Rotação Duplas'!D71,IF('🔄 Rotação Duplas'!I71="-",0,'🔄 Rotação Duplas'!I71),0))+IF('⚙️ Configuração'!C30='🔄 Rotação Duplas'!C72,IF('🔄 Rotação Duplas'!H72="-",0,'🔄 Rotação Duplas'!H72),IF('⚙️ Configuração'!C30='🔄 Rotação Duplas'!D72,IF('🔄 Rotação Duplas'!I72="-",0,'🔄 Rotação Duplas'!I72),0))+IF('⚙️ Configuração'!C30='🔄 Rotação Duplas'!C73,IF('🔄 Rotação Duplas'!H73="-",0,'🔄 Rotação Duplas'!H73),IF('⚙️ Configuração'!C30='🔄 Rotação Duplas'!D73,IF('🔄 Rotação Duplas'!I73="-",0,'🔄 Rotação Duplas'!I73),0)) -> 0 | H6: =IF('⚙️ Configuração'!C30='🔄 Rotação Duplas'!C78,IF('🔄 Rotação Duplas'!H78="-",0,'🔄 Rotação Duplas'!H78),IF('⚙️ Configuração'!C30='🔄 Rotação Duplas'!D78,IF('🔄 Rotação Duplas'!I78="-",0,'🔄 Rotação Duplas'!I78),0))+IF('⚙️ Configuração'!C30='🔄 Rotação Duplas'!C79,IF('🔄 Rotação Duplas'!H79="-",0,'🔄 Rotação Duplas'!H79),IF('⚙️ Configuração'!C30='🔄 Rotação Duplas'!D79,IF('🔄 Rotação Duplas'!I79="-",0,'🔄 Rotação Duplas'!I79),0))+IF('⚙️ Configuração'!C30='🔄 Rotação Duplas'!C80,IF('🔄 Rotação Duplas'!H80="-",0,'🔄 Rotação Duplas'!H80),IF('⚙️ Configuração'!C30='🔄 Rotação Duplas'!D80,IF('🔄 Rotação Duplas'!I80="-",0,'🔄 Rotação Duplas'!I80),0))+IF('⚙️ Configuração'!C30='🔄 Rotação Duplas'!C81,IF('🔄 Rotação Duplas'!H81="-",0,'🔄 Rotação Duplas'!H81),IF('⚙️ Configuração'!C30='🔄 Rotação Duplas'!D81,IF('🔄 Rotação Duplas'!I81="-",0,'🔄 Rotação Duplas'!I81),0))+IF('⚙️ Configuração'!C30='🔄 Rotação Duplas'!C82,IF('🔄 Rotação Duplas'!H82="-",0,'🔄 Rotação Duplas'!H82),IF('⚙️ Configuração'!C30='🔄 Rotação Duplas'!D82,IF('🔄 Rotação Duplas'!I82="-",0,'🔄 Rotação Duplas'!I82),0))+IF('⚙️ Configuração'!C30='🔄 Rotação Duplas'!C83,IF('🔄 Rotação Duplas'!H83="-",0,'🔄 Rotação Duplas'!H83),IF('⚙️ Configuração'!C30='🔄 Rotação Duplas'!D83,IF('🔄 Rotação Duplas'!I83="-",0,'🔄 Rotação Duplas'!I83),0))+IF('⚙️ Configuração'!C30='🔄 Rotação Duplas'!C84,IF('🔄 Rotação Duplas'!H84="-",0,'🔄 Rotação Duplas'!H84),IF('⚙️ Configuração'!C30='🔄 Rotação Duplas'!D84,IF('🔄 Rotação Duplas'!I84="-",0,'🔄 Rotação Duplas'!I84),0))+IF('⚙️ Configuração'!C30='🔄 Rotação Duplas'!C85,IF('🔄 Rotação Duplas'!H85="-",0,'🔄 Rotação Duplas'!H85),IF('⚙️ Configuração'!C30='🔄 Rotação Duplas'!D85,IF('🔄 Rotação Duplas'!I85="-",0,'🔄 Rotação Duplas'!I85),0))+IF('⚙️ Configuração'!C30='🔄 Rotação Duplas'!C86,IF('🔄 Rotação Duplas'!H86="-",0,'🔄 Rotação Duplas'!H86),IF('⚙️ Configuração'!C30='🔄 Rotação Duplas'!D86,IF('🔄 Rotação Duplas'!I86="-",0,'🔄 Rotação Duplas'!I86),0))+IF('⚙️ Configuração'!C30='🔄 Rotação Duplas'!C87,IF('🔄 Rotação Duplas'!H87="-",0,'🔄 Rotação Duplas'!H87),IF('⚙️ Configuração'!C30='🔄 Rotação Duplas'!D87,IF('🔄 Rotação Duplas'!I87="-",0,'🔄 Rotação Duplas'!I87),0)) -> 0 | I6: =IF('⚙️ Configuração'!C30='🔄 Rotação Duplas'!C92,IF('🔄 Rotação Duplas'!H92="-",0,'🔄 Rotação Duplas'!H92),IF('⚙️ Configuração'!C30='🔄 Rotação Duplas'!D92,IF('🔄 Rotação Duplas'!I92="-",0,'🔄 Rotação Duplas'!I92),0))+IF('⚙️ Configuração'!C30='🔄 Rotação Duplas'!C93,IF('🔄 Rotação Duplas'!H93="-",0,'🔄 Rotação Duplas'!H93),IF('⚙️ Configuração'!C30='🔄 Rotação Duplas'!D93,IF('🔄 Rotação Duplas'!I93="-",0,'🔄 Rotação Duplas'!I93),0))+IF('⚙️ Configuração'!C30='🔄 Rotação Duplas'!C94,IF('🔄 Rotação Duplas'!H94="-",0,'🔄 Rotação Duplas'!H94),IF('⚙️ Configuração'!C30='🔄 Rotação Duplas'!D94,IF('🔄 Rotação Duplas'!I94="-",0,'🔄 Rotação Duplas'!I94),0))+IF('⚙️ Configuração'!C30='🔄 Rotação Duplas'!C95,IF('🔄 Rotação Duplas'!H95="-",0,'🔄 Rotação Duplas'!H95),IF('⚙️ Configuração'!C30='🔄 Rotação Duplas'!D95,IF('🔄 Rotação Duplas'!I95="-",0,'🔄 Rotação Duplas'!I95),0))+IF('⚙️ Configuração'!C30='🔄 Rotação Duplas'!C96,IF('🔄 Rotação Duplas'!H96="-",0,'🔄 Rotação Duplas'!H96),IF('⚙️ Configuração'!C30='🔄 Rotação Duplas'!D96,IF('🔄 Rotação Duplas'!I96="-",0,'🔄 Rotação Duplas'!I96),0))+IF('⚙️ Configuração'!C30='🔄 Rotação Duplas'!C97,IF('🔄 Rotação Duplas'!H97="-",0,'🔄 Rotação Duplas'!H97),IF('⚙️ Configuração'!C30='🔄 Rotação Duplas'!D97,IF('🔄 Rotação Duplas'!I97="-",0,'🔄 Rotação Duplas'!I97),0))+IF('⚙️ Configuração'!C30='🔄 Rotação Duplas'!C98,IF('🔄 Rotação Duplas'!H98="-",0,'🔄 Rotação Duplas'!H98),IF('⚙️ Configuração'!C30='🔄 Rotação Duplas'!D98,IF('🔄 Rotação Duplas'!I98="-",0,'🔄 Rotação Duplas'!I98),0))+IF('⚙️ Configuração'!C30='🔄 Rotação Duplas'!C99,IF('🔄 Rotação Duplas'!H99="-",0,'🔄 Rotação Duplas'!H99),IF('⚙️ Configuração'!C30='🔄 Rotação Duplas'!D99,IF('🔄 Rotação Duplas'!I99="-",0,'🔄 Rotação Duplas'!I99),0))+IF('⚙️ Configuração'!C30='🔄 Rotação Duplas'!C100,IF('🔄 Rotação Duplas'!H100="-",0,'🔄 Rotação Duplas'!H100),IF('⚙️ Configuração'!C30='🔄 Rotação Duplas'!D100,IF('🔄 Rotação Duplas'!I100="-",0,'🔄 Rotação Duplas'!I100),0))+IF('⚙️ Configuração'!C30='🔄 Rotação Duplas'!C101,IF('🔄 Rotação Duplas'!H101="-",0,'🔄 Rotação Duplas'!H101),IF('⚙️ Configuração'!C30='🔄 Rotação Duplas'!D101,IF('🔄 Rotação Duplas'!I101="-",0,'🔄 Rotação Duplas'!I101),0)) -> 0 | J6: =IF('⚙️ Configuração'!C30='🔄 Rotação Duplas'!C106,IF('🔄 Rotação Duplas'!H106="-",0,'🔄 Rotação Duplas'!H106),IF('⚙️ Configuração'!C30='🔄 Rotação Duplas'!D106,IF('🔄 Rotação Duplas'!I106="-",0,'🔄 Rotação Duplas'!I106),0))+IF('⚙️ Configuração'!C30='🔄 Rotação Duplas'!C107,IF('🔄 Rotação Duplas'!H107="-",0,'🔄 Rotação Duplas'!H107),IF('⚙️ Configuração'!C30='🔄 Rotação Duplas'!D107,IF('🔄 Rotação Duplas'!I107="-",0,'🔄 Rotação Duplas'!I107),0))+IF('⚙️ Configuração'!C30='🔄 Rotação Duplas'!C108,IF('🔄 Rotação Duplas'!H108="-",0,'🔄 Rotação Duplas'!H108),IF('⚙️ Configuração'!C30='🔄 Rotação Duplas'!D108,IF('🔄 Rotação Duplas'!I108="-",0,'🔄 Rotação Duplas'!I108),0))+IF('⚙️ Configuração'!C30='🔄 Rotação Duplas'!C109,IF('🔄 Rotação Duplas'!H109="-",0,'🔄 Rotação Duplas'!H109),IF('⚙️ Configuração'!C30='🔄 Rotação Duplas'!D109,IF('🔄 Rotação Duplas'!I109="-",0,'🔄 Rotação Duplas'!I109),0))+IF('⚙️ Configuração'!C30='🔄 Rotação Duplas'!C110,IF('🔄 Rotação Duplas'!H110="-",0,'🔄 Rotação Duplas'!H110),IF('⚙️ Configuração'!C30='🔄 Rotação Duplas'!D110,IF('🔄 Rotação Duplas'!I110="-",0,'🔄 Rotação Duplas'!I110),0))+IF('⚙️ Configuração'!C30='🔄 Rotação Duplas'!C111,IF('🔄 Rotação Duplas'!H111="-",0,'🔄 Rotação Duplas'!H111),IF('⚙️ Configuração'!C30='🔄 Rotação Duplas'!D111,IF('🔄 Rotação Duplas'!I111="-",0,'🔄 Rotação Duplas'!I111),0))+IF('⚙️ Configuração'!C30='🔄 Rotação Duplas'!C112,IF('🔄 Rotação Duplas'!H112="-",0,'🔄 Rotação Duplas'!H112),IF('⚙️ Configuração'!C30='🔄 Rotação Duplas'!D112,IF('🔄 Rotação Duplas'!I112="-",0,'🔄 Rotação Duplas'!I112),0))+IF('⚙️ Configuração'!C30='🔄 Rotação Duplas'!C113,IF('🔄 Rotação Duplas'!H113="-",0,'🔄 Rotação Duplas'!H113),IF('⚙️ Configuração'!C30='🔄 Rotação Duplas'!D113,IF('🔄 Rotação Duplas'!I113="-",0,'🔄 Rotação Duplas'!I113),0))+IF('⚙️ Configuração'!C30='🔄 Rotação Duplas'!C114,IF('🔄 Rotação Duplas'!H114="-",0,'🔄 Rotação Duplas'!H114),IF('⚙️ Configuração'!C30='🔄 Rotação Duplas'!D114,IF('🔄 Rotação Duplas'!I114="-",0,'🔄 Rotação Duplas'!I114),0))+IF('⚙️ Configuração'!C30='🔄 Rotação Duplas'!C115,IF('🔄 Rotação Duplas'!H115="-",0,'🔄 Rotação Duplas'!H115),IF('⚙️ Configuração'!C30='🔄 Rotação Duplas'!D115,IF('🔄 Rotação Duplas'!I115="-",0,'🔄 Rotação Duplas'!I115),0)) -> 0 | K6: =SUM(C6:J6) -> 43 | L6: =SUMIF('📋 Registo Diário'!$D$7:$D$646,'⚙️ Configuração'!C30,'📋 Registo Diário'!$Q$7:$Q$646) -> 45 | M6: =K6+L6 -> 88
B7: ='⚙️ Configuração'!C31 -> Elisabete Mendes | C7: =IF('⚙️ Configuração'!C31='🔄 Rotação Duplas'!C8,IF('🔄 Rotação Duplas'!H8="-",0,'🔄 Rotação Duplas'!H8),IF('⚙️ Configuração'!C31='🔄 Rotação Duplas'!D8,IF('🔄 Rotação Duplas'!I8="-",0,'🔄 Rotação Duplas'!I8),0))+IF('⚙️ Configuração'!C31='🔄 Rotação Duplas'!C9,IF('🔄 Rotação Duplas'!H9="-",0,'🔄 Rotação Duplas'!H9),IF('⚙️ Configuração'!C31='🔄 Rotação Duplas'!D9,IF('🔄 Rotação Duplas'!I9="-",0,'🔄 Rotação Duplas'!I9),0))+IF('⚙️ Configuração'!C31='🔄 Rotação Duplas'!C10,IF('🔄 Rotação Duplas'!H10="-",0,'🔄 Rotação Duplas'!H10),IF('⚙️ Configuração'!C31='🔄 Rotação Duplas'!D10,IF('🔄 Rotação Duplas'!I10="-",0,'🔄 Rotação Duplas'!I10),0))+IF('⚙️ Configuração'!C31='🔄 Rotação Duplas'!C11,IF('🔄 Rotação Duplas'!H11="-",0,'🔄 Rotação Duplas'!H11),IF('⚙️ Configuração'!C31='🔄 Rotação Duplas'!D11,IF('🔄 Rotação Duplas'!I11="-",0,'🔄 Rotação Duplas'!I11),0))+IF('⚙️ Configuração'!C31='🔄 Rotação Duplas'!C12,IF('🔄 Rotação Duplas'!H12="-",0,'🔄 Rotação Duplas'!H12),IF('⚙️ Configuração'!C31='🔄 Rotação Duplas'!D12,IF('🔄 Rotação Duplas'!I12="-",0,'🔄 Rotação Duplas'!I12),0))+IF('⚙️ Configuração'!C31='🔄 Rotação Duplas'!C13,IF('🔄 Rotação Duplas'!H13="-",0,'🔄 Rotação Duplas'!H13),IF('⚙️ Configuração'!C31='🔄 Rotação Duplas'!D13,IF('🔄 Rotação Duplas'!I13="-",0,'🔄 Rotação Duplas'!I13),0))+IF('⚙️ Configuração'!C31='🔄 Rotação Duplas'!C14,IF('🔄 Rotação Duplas'!H14="-",0,'🔄 Rotação Duplas'!H14),IF('⚙️ Configuração'!C31='🔄 Rotação Duplas'!D14,IF('🔄 Rotação Duplas'!I14="-",0,'🔄 Rotação Duplas'!I14),0))+IF('⚙️ Configuração'!C31='🔄 Rotação Duplas'!C15,IF('🔄 Rotação Duplas'!H15="-",0,'🔄 Rotação Duplas'!H15),IF('⚙️ Configuração'!C31='🔄 Rotação Duplas'!D15,IF('🔄 Rotação Duplas'!I15="-",0,'🔄 Rotação Duplas'!I15),0))+IF('⚙️ Configuração'!C31='🔄 Rotação Duplas'!C16,IF('🔄 Rotação Duplas'!H16="-",0,'🔄 Rotação Duplas'!H16),IF('⚙️ Configuração'!C31='🔄 Rotação Duplas'!D16,IF('🔄 Rotação Duplas'!I16="-",0,'🔄 Rotação Duplas'!I16),0))+IF('⚙️ Configuração'!C31='🔄 Rotação Duplas'!C17,IF('🔄 Rotação Duplas'!H17="-",0,'🔄 Rotação Duplas'!H17),IF('⚙️ Configuração'!C31='🔄 Rotação Duplas'!D17,IF('🔄 Rotação Duplas'!I17="-",0,'🔄 Rotação Duplas'!I17),0)) -> 31 | D7: =IF('⚙️ Configuração'!C31='🔄 Rotação Duplas'!C22,IF('🔄 Rotação Duplas'!H22="-",0,'🔄 Rotação Duplas'!H22),IF('⚙️ Configuração'!C31='🔄 Rotação Duplas'!D22,IF('🔄 Rotação Duplas'!I22="-",0,'🔄 Rotação Duplas'!I22),0))+IF('⚙️ Configuração'!C31='🔄 Rotação Duplas'!C23,IF('🔄 Rotação Duplas'!H23="-",0,'🔄 Rotação Duplas'!H23),IF('⚙️ Configuração'!C31='🔄 Rotação Duplas'!D23,IF('🔄 Rotação Duplas'!I23="-",0,'🔄 Rotação Duplas'!I23),0))+IF('⚙️ Configuração'!C31='🔄 Rotação Duplas'!C24,IF('🔄 Rotação Duplas'!H24="-",0,'🔄 Rotação Duplas'!H24),IF('⚙️ Configuração'!C31='🔄 Rotação Duplas'!D24,IF('🔄 Rotação Duplas'!I24="-",0,'🔄 Rotação Duplas'!I24),0))+IF('⚙️ Configuração'!C31='🔄 Rotação Duplas'!C25,IF('🔄 Rotação Duplas'!H25="-",0,'🔄 Rotação Duplas'!H25),IF('⚙️ Configuração'!C31='🔄 Rotação Duplas'!D25,IF('🔄 Rotação Duplas'!I25="-",0,'🔄 Rotação Duplas'!I25),0))+IF('⚙️ Configuração'!C31='🔄 Rotação Duplas'!C26,IF('🔄 Rotação Duplas'!H26="-",0,'🔄 Rotação Duplas'!H26),IF('⚙️ Configuração'!C31='🔄 Rotação Duplas'!D26,IF('🔄 Rotação Duplas'!I26="-",0,'🔄 Rotação Duplas'!I26),0))+IF('⚙️ Configuração'!C31='🔄 Rotação Duplas'!C27,IF('🔄 Rotação Duplas'!H27="-",0,'🔄 Rotação Duplas'!H27),IF('⚙️ Configuração'!C31='🔄 Rotação Duplas'!D27,IF('🔄 Rotação Duplas'!I27="-",0,'🔄 Rotação Duplas'!I27),0))+IF('⚙️ Configuração'!C31='🔄 Rotação Duplas'!C28,IF('🔄 Rotação Duplas'!H28="-",0,'🔄 Rotação Duplas'!H28),IF('⚙️ Configuração'!C31='🔄 Rotação Duplas'!D28,IF('🔄 Rotação Duplas'!I28="-",0,'🔄 Rotação Duplas'!I28),0))+IF('⚙️ Configuração'!C31='🔄 Rotação Duplas'!C29,IF('🔄 Rotação Duplas'!H29="-",0,'🔄 Rotação Duplas'!H29),IF('⚙️ Configuração'!C31='🔄 Rotação Duplas'!D29,IF('🔄 Rotação Duplas'!I29="-",0,'🔄 Rotação Duplas'!I29),0))+IF('⚙️ Configuração'!C31='🔄 Rotação Duplas'!C30,IF('🔄 Rotação Duplas'!H30="-",0,'🔄 Rotação Duplas'!H30),IF('⚙️ Configuração'!C31='🔄 Rotação Duplas'!D30,IF('🔄 Rotação Duplas'!I30="-",0,'🔄 Rotação Duplas'!I30),0))+IF('⚙️ Configuração'!C31='🔄 Rotação Duplas'!C31,IF('🔄 Rotação Duplas'!H31="-",0,'🔄 Rotação Duplas'!H31),IF('⚙️ Configuração'!C31='🔄 Rotação Duplas'!D31,IF('🔄 Rotação Duplas'!I31="-",0,'🔄 Rotação Duplas'!I31),0)) -> 0 | E7: =IF('⚙️ Configuração'!C31='🔄 Rotação Duplas'!C36,IF('🔄 Rotação Duplas'!H36="-",0,'🔄 Rotação Duplas'!H36),IF('⚙️ Configuração'!C31='🔄 Rotação Duplas'!D36,IF('🔄 Rotação Duplas'!I36="-",0,'🔄 Rotação Duplas'!I36),0))+IF('⚙️ Configuração'!C31='🔄 Rotação Duplas'!C37,IF('🔄 Rotação Duplas'!H37="-",0,'🔄 Rotação Duplas'!H37),IF('⚙️ Configuração'!C31='🔄 Rotação Duplas'!D37,IF('🔄 Rotação Duplas'!I37="-",0,'🔄 Rotação Duplas'!I37),0))+IF('⚙️ Configuração'!C31='🔄 Rotação Duplas'!C38,IF('🔄 Rotação Duplas'!H38="-",0,'🔄 Rotação Duplas'!H38),IF('⚙️ Configuração'!C31='🔄 Rotação Duplas'!D38,IF('🔄 Rotação Duplas'!I38="-",0,'🔄 Rotação Duplas'!I38),0))+IF('⚙️ Configuração'!C31='🔄 Rotação Duplas'!C39,IF('🔄 Rotação Duplas'!H39="-",0,'🔄 Rotação Duplas'!H39),IF('⚙️ Configuração'!C31='🔄 Rotação Duplas'!D39,IF('🔄 Rotação Duplas'!I39="-",0,'🔄 Rotação Duplas'!I39),0))+IF('⚙️ Configuração'!C31='🔄 Rotação Duplas'!C40,IF('🔄 Rotação Duplas'!H40="-",0,'🔄 Rotação Duplas'!H40),IF('⚙️ Configuração'!C31='🔄 Rotação Duplas'!D40,IF('🔄 Rotação Duplas'!I40="-",0,'🔄 Rotação Duplas'!I40),0))+IF('⚙️ Configuração'!C31='🔄 Rotação Duplas'!C41,IF('🔄 Rotação Duplas'!H41="-",0,'🔄 Rotação Duplas'!H41),IF('⚙️ Configuração'!C31='🔄 Rotação Duplas'!D41,IF('🔄 Rotação Duplas'!I41="-",0,'🔄 Rotação Duplas'!I41),0))+IF('⚙️ Configuração'!C31='🔄 Rotação Duplas'!C42,IF('🔄 Rotação Duplas'!H42="-",0,'🔄 Rotação Duplas'!H42),IF('⚙️ Configuração'!C31='🔄 Rotação Duplas'!D42,IF('🔄 Rotação Duplas'!I42="-",0,'🔄 Rotação Duplas'!I42),0))+IF('⚙️ Configuração'!C31='🔄 Rotação Duplas'!C43,IF('🔄 Rotação Duplas'!H43="-",0,'🔄 Rotação Duplas'!H43),IF('⚙️ Configuração'!C31='🔄 Rotação Duplas'!D43,IF('🔄 Rotação Duplas'!I43="-",0,'🔄 Rotação Duplas'!I43),0))+IF('⚙️ Configuração'!C31='🔄 Rotação Duplas'!C44,IF('🔄 Rotação Duplas'!H44="-",0,'🔄 Rotação Duplas'!H44),IF('⚙️ Configuração'!C31='🔄 Rotação Duplas'!D44,IF('🔄 Rotação Duplas'!I44="-",0,'🔄 Rotação Duplas'!I44),0))+IF('⚙️ Configuração'!C31='🔄 Rotação Duplas'!C45,IF('🔄 Rotação Duplas'!H45="-",0,'🔄 Rotação Duplas'!H45),IF('⚙️ Configuração'!C31='🔄 Rotação Duplas'!D45,IF('🔄 Rotação Duplas'!I45="-",0,'🔄 Rotação Duplas'!I45),0)) -> 0 | F7: =IF('⚙️ Configuração'!C31='🔄 Rotação Duplas'!C50,IF('🔄 Rotação Duplas'!H50="-",0,'🔄 Rotação Duplas'!H50),IF('⚙️ Configuração'!C31='🔄 Rotação Duplas'!D50,IF('🔄 Rotação Duplas'!I50="-",0,'🔄 Rotação Duplas'!I50),0))+IF('⚙️ Configuração'!C31='🔄 Rotação Duplas'!C51,IF('🔄 Rotação Duplas'!H51="-",0,'🔄 Rotação Duplas'!H51),IF('⚙️ Configuração'!C31='🔄 Rotação Duplas'!D51,IF('🔄 Rotação Duplas'!I51="-",0,'🔄 Rotação Duplas'!I51),0))+IF('⚙️ Configuração'!C31='🔄 Rotação Duplas'!C52,IF('🔄 Rotação Duplas'!H52="-",0,'🔄 Rotação Duplas'!H52),IF('⚙️ Configuração'!C31='🔄 Rotação Duplas'!D52,IF('🔄 Rotação Duplas'!I52="-",0,'🔄 Rotação Duplas'!I52),0))+IF('⚙️ Configuração'!C31='🔄 Rotação Duplas'!C53,IF('🔄 Rotação Duplas'!H53="-",0,'🔄 Rotação Duplas'!H53),IF('⚙️ Configuração'!C31='🔄 Rotação Duplas'!D53,IF('🔄 Rotação Duplas'!I53="-",0,'🔄 Rotação Duplas'!I53),0))+IF('⚙️ Configuração'!C31='🔄 Rotação Duplas'!C54,IF('🔄 Rotação Duplas'!H54="-",0,'🔄 Rotação Duplas'!H54),IF('⚙️ Configuração'!C31='🔄 Rotação Duplas'!D54,IF('🔄 Rotação Duplas'!I54="-",0,'🔄 Rotação Duplas'!I54),0))+IF('⚙️ Configuração'!C31='🔄 Rotação Duplas'!C55,IF('🔄 Rotação Duplas'!H55="-",0,'🔄 Rotação Duplas'!H55),IF('⚙️ Configuração'!C31='🔄 Rotação Duplas'!D55,IF('🔄 Rotação Duplas'!I55="-",0,'🔄 Rotação Duplas'!I55),0))+IF('⚙️ Configuração'!C31='🔄 Rotação Duplas'!C56,IF('🔄 Rotação Duplas'!H56="-",0,'🔄 Rotação Duplas'!H56),IF('⚙️ Configuração'!C31='🔄 Rotação Duplas'!D56,IF('🔄 Rotação Duplas'!I56="-",0,'🔄 Rotação Duplas'!I56),0))+IF('⚙️ Configuração'!C31='🔄 Rotação Duplas'!C57,IF('🔄 Rotação Duplas'!H57="-",0,'🔄 Rotação Duplas'!H57),IF('⚙️ Configuração'!C31='🔄 Rotação Duplas'!D57,IF('🔄 Rotação Duplas'!I57="-",0,'🔄 Rotação Duplas'!I57),0))+IF('⚙️ Configuração'!C31='🔄 Rotação Duplas'!C58,IF('🔄 Rotação Duplas'!H58="-",0,'🔄 Rotação Duplas'!H58),IF('⚙️ Configuração'!C31='🔄 Rotação Duplas'!D58,IF('🔄 Rotação Duplas'!I58="-",0,'🔄 Rotação Duplas'!I58),0))+IF('⚙️ Configuração'!C31='🔄 Rotação Duplas'!C59,IF('🔄 Rotação Duplas'!H59="-",0,'🔄 Rotação Duplas'!H59),IF('⚙️ Configuração'!C31='🔄 Rotação Duplas'!D59,IF('🔄 Rotação Duplas'!I59="-",0,'🔄 Rotação Duplas'!I59),0)) -> 0 | G7: =IF('⚙️ Configuração'!C31='🔄 Rotação Duplas'!C64,IF('🔄 Rotação Duplas'!H64="-",0,'🔄 Rotação Duplas'!H64),IF('⚙️ Configuração'!C31='🔄 Rotação Duplas'!D64,IF('🔄 Rotação Duplas'!I64="-",0,'🔄 Rotação Duplas'!I64),0))+IF('⚙️ Configuração'!C31='🔄 Rotação Duplas'!C65,IF('🔄 Rotação Duplas'!H65="-",0,'🔄 Rotação Duplas'!H65),IF('⚙️ Configuração'!C31='🔄 Rotação Duplas'!D65,IF('🔄 Rotação Duplas'!I65="-",0,'🔄 Rotação Duplas'!I65),0))+IF('⚙️ Configuração'!C31='🔄 Rotação Duplas'!C66,IF('🔄 Rotação Duplas'!H66="-",0,'🔄 Rotação Duplas'!H66),IF('⚙️ Configuração'!C31='🔄 Rotação Duplas'!D66,IF('🔄 Rotação Duplas'!I66="-",0,'🔄 Rotação Duplas'!I66),0))+IF('⚙️ Configuração'!C31='🔄 Rotação Duplas'!C67,IF('🔄 Rotação Duplas'!H67="-",0,'🔄 Rotação Duplas'!H67),IF('⚙️ Configuração'!C31='🔄 Rotação Duplas'!D67,IF('🔄 Rotação Duplas'!I67="-",0,'🔄 Rotação Duplas'!I67),0))+IF('⚙️ Configuração'!C31='🔄 Rotação Duplas'!C68,IF('🔄 Rotação Duplas'!H68="-",0,'🔄 Rotação Duplas'!H68),IF('⚙️ Configuração'!C31='🔄 Rotação Duplas'!D68,IF('🔄 Rotação Duplas'!I68="-",0,'🔄 Rotação Duplas'!I68),0))+IF('⚙️ Configuração'!C31='🔄 Rotação Duplas'!C69,IF('🔄 Rotação Duplas'!H69="-",0,'🔄 Rotação Duplas'!H69),IF('⚙️ Configuração'!C31='🔄 Rotação Duplas'!D69,IF('🔄 Rotação Duplas'!I69="-",0,'🔄 Rotação Duplas'!I69),0))+IF('⚙️ Configuração'!C31='🔄 Rotação Duplas'!C70,IF('🔄 Rotação Duplas'!H70="-",0,'🔄 Rotação Duplas'!H70),IF('⚙️ Configuração'!C31='🔄 Rotação Duplas'!D70,IF('🔄 Rotação Duplas'!I70="-",0,'🔄 Rotação Duplas'!I70),0))+IF('⚙️ Configuração'!C31='🔄 Rotação Duplas'!C71,IF('🔄 Rotação Duplas'!H71="-",0,'🔄 Rotação Duplas'!H71),IF('⚙️ Configuração'!C31='🔄 Rotação Duplas'!D71,IF('🔄 Rotação Duplas'!I71="-",0,'🔄 Rotação Duplas'!I71),0))+IF('⚙️ Configuração'!C31='🔄 Rotação Duplas'!C72,IF('🔄 Rotação Duplas'!H72="-",0,'🔄 Rotação Duplas'!H72),IF('⚙️ Configuração'!C31='🔄 Rotação Duplas'!D72,IF('🔄 Rotação Duplas'!I72="-",0,'🔄 Rotação Duplas'!I72),0))+IF('⚙️ Configuração'!C31='🔄 Rotação Duplas'!C73,IF('🔄 Rotação Duplas'!H73="-",0,'🔄 Rotação Duplas'!H73),IF('⚙️ Configuração'!C31='🔄 Rotação Duplas'!D73,IF('🔄 Rotação Duplas'!I73="-",0,'🔄 Rotação Duplas'!I73),0)) -> 0 | H7: =IF('⚙️ Configuração'!C31='🔄 Rotação Duplas'!C78,IF('🔄 Rotação Duplas'!H78="-",0,'🔄 Rotação Duplas'!H78),IF('⚙️ Configuração'!C31='🔄 Rotação Duplas'!D78,IF('🔄 Rotação Duplas'!I78="-",0,'🔄 Rotação Duplas'!I78),0))+IF('⚙️ Configuração'!C31='🔄 Rotação Duplas'!C79,IF('🔄 Rotação Duplas'!H79="-",0,'🔄 Rotação Duplas'!H79),IF('⚙️ Configuração'!C31='🔄 Rotação Duplas'!D79,IF('🔄 Rotação Duplas'!I79="-",0,'🔄 Rotação Duplas'!I79),0))+IF('⚙️ Configuração'!C31='🔄 Rotação Duplas'!C80,IF('🔄 Rotação Duplas'!H80="-",0,'🔄 Rotação Duplas'!H80),IF('⚙️ Configuração'!C31='🔄 Rotação Duplas'!D80,IF('🔄 Rotação Duplas'!I80="-",0,'🔄 Rotação Duplas'!I80),0))+IF('⚙️ Configuração'!C31='🔄 Rotação Duplas'!C81,IF('🔄 Rotação Duplas'!H81="-",0,'🔄 Rotação Duplas'!H81),IF('⚙️ Configuração'!C31='🔄 Rotação Duplas'!D81,IF('🔄 Rotação Duplas'!I81="-",0,'🔄 Rotação Duplas'!I81),0))+IF('⚙️ Configuração'!C31='🔄 Rotação Duplas'!C82,IF('🔄 Rotação Duplas'!H82="-",0,'🔄 Rotação Duplas'!H82),IF('⚙️ Configuração'!C31='🔄 Rotação Duplas'!D82,IF('🔄 Rotação Duplas'!I82="-",0,'🔄 Rotação Duplas'!I82),0))+IF('⚙️ Configuração'!C31='🔄 Rotação Duplas'!C83,IF('🔄 Rotação Duplas'!H83="-",0,'🔄 Rotação Duplas'!H83),IF('⚙️ Configuração'!C31='🔄 Rotação Duplas'!D83,IF('🔄 Rotação Duplas'!I83="-",0,'🔄 Rotação Duplas'!I83),0))+IF('⚙️ Configuração'!C31='🔄 Rotação Duplas'!C84,IF('🔄 Rotação Duplas'!H84="-",0,'🔄 Rotação Duplas'!H84),IF('⚙️ Configuração'!C31='🔄 Rotação Duplas'!D84,IF('🔄 Rotação Duplas'!I84="-",0,'🔄 Rotação Duplas'!I84),0))+IF('⚙️ Configuração'!C31='🔄 Rotação Duplas'!C85,IF('🔄 Rotação Duplas'!H85="-",0,'🔄 Rotação Duplas'!H85),IF('⚙️ Configuração'!C31='🔄 Rotação Duplas'!D85,IF('🔄 Rotação Duplas'!I85="-",0,'🔄 Rotação Duplas'!I85),0))+IF('⚙️ Configuração'!C31='🔄 Rotação Duplas'!C86,IF('🔄 Rotação Duplas'!H86="-",0,'🔄 Rotação Duplas'!H86),IF('⚙️ Configuração'!C31='🔄 Rotação Duplas'!D86,IF('🔄 Rotação Duplas'!I86="-",0,'🔄 Rotação Duplas'!I86),0))+IF('⚙️ Configuração'!C31='🔄 Rotação Duplas'!C87,IF('🔄 Rotação Duplas'!H87="-",0,'🔄 Rotação Duplas'!H87),IF('⚙️ Configuração'!C31='🔄 Rotação Duplas'!D87,IF('🔄 Rotação Duplas'!I87="-",0,'🔄 Rotação Duplas'!I87),0)) -> 0 | I7: =IF('⚙️ Configuração'!C31='🔄 Rotação Duplas'!C92,IF('🔄 Rotação Duplas'!H92="-",0,'🔄 Rotação Duplas'!H92),IF('⚙️ Configuração'!C31='🔄 Rotação Duplas'!D92,IF('🔄 Rotação Duplas'!I92="-",0,'🔄 Rotação Duplas'!I92),0))+IF('⚙️ Configuração'!C31='🔄 Rotação Duplas'!C93,IF('🔄 Rotação Duplas'!H93="-",0,'🔄 Rotação Duplas'!H93),IF('⚙️ Configuração'!C31='🔄 Rotação Duplas'!D93,IF('🔄 Rotação Duplas'!I93="-",0,'🔄 Rotação Duplas'!I93),0))+IF('⚙️ Configuração'!C31='🔄 Rotação Duplas'!C94,IF('🔄 Rotação Duplas'!H94="-",0,'🔄 Rotação Duplas'!H94),IF('⚙️ Configuração'!C31='🔄 Rotação Duplas'!D94,IF('🔄 Rotação Duplas'!I94="-",0,'🔄 Rotação Duplas'!I94),0))+IF('⚙️ Configuração'!C31='🔄 Rotação Duplas'!C95,IF('🔄 Rotação Duplas'!H95="-",0,'🔄 Rotação Duplas'!H95),IF('⚙️ Configuração'!C31='🔄 Rotação Duplas'!D95,IF('🔄 Rotação Duplas'!I95="-",0,'🔄 Rotação Duplas'!I95),0))+IF('⚙️ Configuração'!C31='🔄 Rotação Duplas'!C96,IF('🔄 Rotação Duplas'!H96="-",0,'🔄 Rotação Duplas'!H96),IF('⚙️ Configuração'!C31='🔄 Rotação Duplas'!D96,IF('🔄 Rotação Duplas'!I96="-",0,'🔄 Rotação Duplas'!I96),0))+IF('⚙️ Configuração'!C31='🔄 Rotação Duplas'!C97,IF('🔄 Rotação Duplas'!H97="-",0,'🔄 Rotação Duplas'!H97),IF('⚙️ Configuração'!C31='🔄 Rotação Duplas'!D97,IF('🔄 Rotação Duplas'!I97="-",0,'🔄 Rotação Duplas'!I97),0))+IF('⚙️ Configuração'!C31='🔄 Rotação Duplas'!C98,IF('🔄 Rotação Duplas'!H98="-",0,'🔄 Rotação Duplas'!H98),IF('⚙️ Configuração'!C31='🔄 Rotação Duplas'!D98,IF('🔄 Rotação Duplas'!I98="-",0,'🔄 Rotação Duplas'!I98),0))+IF('⚙️ Configuração'!C31='🔄 Rotação Duplas'!C99,IF('🔄 Rotação Duplas'!H99="-",0,'🔄 Rotação Duplas'!H99),IF('⚙️ Configuração'!C31='🔄 Rotação Duplas'!D99,IF('🔄 Rotação Duplas'!I99="-",0,'🔄 Rotação Duplas'!I99),0))+IF('⚙️ Configuração'!C31='🔄 Rotação Duplas'!C100,IF('🔄 Rotação Duplas'!H100="-",0,'🔄 Rotação Duplas'!H100),IF('⚙️ Configuração'!C31='🔄 Rotação Duplas'!D100,IF('🔄 Rotação Duplas'!I100="-",0,'🔄 Rotação Duplas'!I100),0))+IF('⚙️ Configuração'!C31='🔄 Rotação Duplas'!C101,IF('🔄 Rotação Duplas'!H101="-",0,'🔄 Rotação Duplas'!H101),IF('⚙️ Configuração'!C31='🔄 Rotação Duplas'!D101,IF('🔄 Rotação Duplas'!I101="-",0,'🔄 Rotação Duplas'!I101),0)) -> 0 | J7: =IF('⚙️ Configuração'!C31='🔄 Rotação Duplas'!C106,IF('🔄 Rotação Duplas'!H106="-",0,'🔄 Rotação Duplas'!H106),IF('⚙️ Configuração'!C31='🔄 Rotação Duplas'!D106,IF('🔄 Rotação Duplas'!I106="-",0,'🔄 Rotação Duplas'!I106),0))+IF('⚙️ Configuração'!C31='🔄 Rotação Duplas'!C107,IF('🔄 Rotação Duplas'!H107="-",0,'🔄 Rotação Duplas'!H107),IF('⚙️ Configuração'!C31='🔄 Rotação Duplas'!D107,IF('🔄 Rotação Duplas'!I107="-",0,'🔄 Rotação Duplas'!I107),0))+IF('⚙️ Configuração'!C31='🔄 Rotação Duplas'!C108,IF('🔄 Rotação Duplas'!H108="-",0,'🔄 Rotação Duplas'!H108),IF('⚙️ Configuração'!C31='🔄 Rotação Duplas'!D108,IF('🔄 Rotação Duplas'!I108="-",0,'🔄 Rotação Duplas'!I108),0))+IF('⚙️ Configuração'!C31='🔄 Rotação Duplas'!C109,IF('🔄 Rotação Duplas'!H109="-",0,'🔄 Rotação Duplas'!H109),IF('⚙️ Configuração'!C31='🔄 Rotação Duplas'!D109,IF('🔄 Rotação Duplas'!I109="-",0,'🔄 Rotação Duplas'!I109),0))+IF('⚙️ Configuração'!C31='🔄 Rotação Duplas'!C110,IF('🔄 Rotação Duplas'!H110="-",0,'🔄 Rotação Duplas'!H110),IF('⚙️ Configuração'!C31='🔄 Rotação Duplas'!D110,IF('🔄 Rotação Duplas'!I110="-",0,'🔄 Rotação Duplas'!I110),0))+IF('⚙️ Configuração'!C31='🔄 Rotação Duplas'!C111,IF('🔄 Rotação Duplas'!H111="-",0,'🔄 Rotação Duplas'!H111),IF('⚙️ Configuração'!C31='🔄 Rotação Duplas'!D111,IF('🔄 Rotação Duplas'!I111="-",0,'🔄 Rotação Duplas'!I111),0))+IF('⚙️ Configuração'!C31='🔄 Rotação Duplas'!C112,IF('🔄 Rotação Duplas'!H112="-",0,'🔄 Rotação Duplas'!H112),IF('⚙️ Configuração'!C31='🔄 Rotação Duplas'!D112,IF('🔄 Rotação Duplas'!I112="-",0,'🔄 Rotação Duplas'!I112),0))+IF('⚙️ Configuração'!C31='🔄 Rotação Duplas'!C113,IF('🔄 Rotação Duplas'!H113="-",0,'🔄 Rotação Duplas'!H113),IF('⚙️ Configuração'!C31='🔄 Rotação Duplas'!D113,IF('🔄 Rotação Duplas'!I113="-",0,'🔄 Rotação Duplas'!I113),0))+IF('⚙️ Configuração'!C31='🔄 Rotação Duplas'!C114,IF('🔄 Rotação Duplas'!H114="-",0,'🔄 Rotação Duplas'!H114),IF('⚙️ Configuração'!C31='🔄 Rotação Duplas'!D114,IF('🔄 Rotação Duplas'!I114="-",0,'🔄 Rotação Duplas'!I114),0))+IF('⚙️ Configuração'!C31='🔄 Rotação Duplas'!C115,IF('🔄 Rotação Duplas'!H115="-",0,'🔄 Rotação Duplas'!H115),IF('⚙️ Configuração'!C31='🔄 Rotação Duplas'!D115,IF('🔄 Rotação Duplas'!I115="-",0,'🔄 Rotação Duplas'!I115),0)) -> 0 | K7: =SUM(C7:J7) -> 31 | L7: =SUMIF('📋 Registo Diário'!$D$7:$D$646,'⚙️ Configuração'!C31,'📋 Registo Diário'!$Q$7:$Q$646) -> 23 | M7: =K7+L7 -> 54
B8: ='⚙️ Configuração'!C32 -> Filipa Cunha | C8: =IF('⚙️ Configuração'!C32='🔄 Rotação Duplas'!C8,IF('🔄 Rotação Duplas'!H8="-",0,'🔄 Rotação Duplas'!H8),IF('⚙️ Configuração'!C32='🔄 Rotação Duplas'!D8,IF('🔄 Rotação Duplas'!I8="-",0,'🔄 Rotação Duplas'!I8),0))+IF('⚙️ Configuração'!C32='🔄 Rotação Duplas'!C9,IF('🔄 Rotação Duplas'!H9="-",0,'🔄 Rotação Duplas'!H9),IF('⚙️ Configuração'!C32='🔄 Rotação Duplas'!D9,IF('🔄 Rotação Duplas'!I9="-",0,'🔄 Rotação Duplas'!I9),0))+IF('⚙️ Configuração'!C32='🔄 Rotação Duplas'!C10,IF('🔄 Rotação Duplas'!H10="-",0,'🔄 Rotação Duplas'!H10),IF('⚙️ Configuração'!C32='🔄 Rotação Duplas'!D10,IF('🔄 Rotação Duplas'!I10="-",0,'🔄 Rotação Duplas'!I10),0))+IF('⚙️ Configuração'!C32='🔄 Rotação Duplas'!C11,IF('🔄 Rotação Duplas'!H11="-",0,'🔄 Rotação Duplas'!H11),IF('⚙️ Configuração'!C32='🔄 Rotação Duplas'!D11,IF('🔄 Rotação Duplas'!I11="-",0,'🔄 Rotação Duplas'!I11),0))+IF('⚙️ Configuração'!C32='🔄 Rotação Duplas'!C12,IF('🔄 Rotação Duplas'!H12="-",0,'🔄 Rotação Duplas'!H12),IF('⚙️ Configuração'!C32='🔄 Rotação Duplas'!D12,IF('🔄 Rotação Duplas'!I12="-",0,'🔄 Rotação Duplas'!I12),0))+IF('⚙️ Configuração'!C32='🔄 Rotação Duplas'!C13,IF('🔄 Rotação Duplas'!H13="-",0,'🔄 Rotação Duplas'!H13),IF('⚙️ Configuração'!C32='🔄 Rotação Duplas'!D13,IF('🔄 Rotação Duplas'!I13="-",0,'🔄 Rotação Duplas'!I13),0))+IF('⚙️ Configuração'!C32='🔄 Rotação Duplas'!C14,IF('🔄 Rotação Duplas'!H14="-",0,'🔄 Rotação Duplas'!H14),IF('⚙️ Configuração'!C32='🔄 Rotação Duplas'!D14,IF('🔄 Rotação Duplas'!I14="-",0,'🔄 Rotação Duplas'!I14),0))+IF('⚙️ Configuração'!C32='🔄 Rotação Duplas'!C15,IF('🔄 Rotação Duplas'!H15="-",0,'🔄 Rotação Duplas'!H15),IF('⚙️ Configuração'!C32='🔄 Rotação Duplas'!D15,IF('🔄 Rotação Duplas'!I15="-",0,'🔄 Rotação Duplas'!I15),0))+IF('⚙️ Configuração'!C32='🔄 Rotação Duplas'!C16,IF('🔄 Rotação Duplas'!H16="-",0,'🔄 Rotação Duplas'!H16),IF('⚙️ Configuração'!C32='🔄 Rotação Duplas'!D16,IF('🔄 Rotação Duplas'!I16="-",0,'🔄 Rotação Duplas'!I16),0))+IF('⚙️ Configuração'!C32='🔄 Rotação Duplas'!C17,IF('🔄 Rotação Duplas'!H17="-",0,'🔄 Rotação Duplas'!H17),IF('⚙️ Configuração'!C32='🔄 Rotação Duplas'!D17,IF('🔄 Rotação Duplas'!I17="-",0,'🔄 Rotação Duplas'!I17),0)) -> 56 | D8: =IF('⚙️ Configuração'!C32='🔄 Rotação Duplas'!C22,IF('🔄 Rotação Duplas'!H22="-",0,'🔄 Rotação Duplas'!H22),IF('⚙️ Configuração'!C32='🔄 Rotação Duplas'!D22,IF('🔄 Rotação Duplas'!I22="-",0,'🔄 Rotação Duplas'!I22),0))+IF('⚙️ Configuração'!C32='🔄 Rotação Duplas'!C23,IF('🔄 Rotação Duplas'!H23="-",0,'🔄 Rotação Duplas'!H23),IF('⚙️ Configuração'!C32='🔄 Rotação Duplas'!D23,IF('🔄 Rotação Duplas'!I23="-",0,'🔄 Rotação Duplas'!I23),0))+IF('⚙️ Configuração'!C32='🔄 Rotação Duplas'!C24,IF('🔄 Rotação Duplas'!H24="-",0,'🔄 Rotação Duplas'!H24),IF('⚙️ Configuração'!C32='🔄 Rotação Duplas'!D24,IF('🔄 Rotação Duplas'!I24="-",0,'🔄 Rotação Duplas'!I24),0))+IF('⚙️ Configuração'!C32='🔄 Rotação Duplas'!C25,IF('🔄 Rotação Duplas'!H25="-",0,'🔄 Rotação Duplas'!H25),IF('⚙️ Configuração'!C32='🔄 Rotação Duplas'!D25,IF('🔄 Rotação Duplas'!I25="-",0,'🔄 Rotação Duplas'!I25),0))+IF('⚙️ Configuração'!C32='🔄 Rotação Duplas'!C26,IF('🔄 Rotação Duplas'!H26="-",0,'🔄 Rotação Duplas'!H26),IF('⚙️ Configuração'!C32='🔄 Rotação Duplas'!D26,IF('🔄 Rotação Duplas'!I26="-",0,'🔄 Rotação Duplas'!I26),0))+IF('⚙️ Configuração'!C32='🔄 Rotação Duplas'!C27,IF('🔄 Rotação Duplas'!H27="-",0,'🔄 Rotação Duplas'!H27),IF('⚙️ Configuração'!C32='🔄 Rotação Duplas'!D27,IF('🔄 Rotação Duplas'!I27="-",0,'🔄 Rotação Duplas'!I27),0))+IF('⚙️ Configuração'!C32='🔄 Rotação Duplas'!C28,IF('🔄 Rotação Duplas'!H28="-",0,'🔄 Rotação Duplas'!H28),IF('⚙️ Configuração'!C32='🔄 Rotação Duplas'!D28,IF('🔄 Rotação Duplas'!I28="-",0,'🔄 Rotação Duplas'!I28),0))+IF('⚙️ Configuração'!C32='🔄 Rotação Duplas'!C29,IF('🔄 Rotação Duplas'!H29="-",0,'🔄 Rotação Duplas'!H29),IF('⚙️ Configuração'!C32='🔄 Rotação Duplas'!D29,IF('🔄 Rotação Duplas'!I29="-",0,'🔄 Rotação Duplas'!I29),0))+IF('⚙️ Configuração'!C32='🔄 Rotação Duplas'!C30,IF('🔄 Rotação Duplas'!H30="-",0,'🔄 Rotação Duplas'!H30),IF('⚙️ Configuração'!C32='🔄 Rotação Duplas'!D30,IF('🔄 Rotação Duplas'!I30="-",0,'🔄 Rotação Duplas'!I30),0))+IF('⚙️ Configuração'!C32='🔄 Rotação Duplas'!C31,IF('🔄 Rotação Duplas'!H31="-",0,'🔄 Rotação Duplas'!H31),IF('⚙️ Configuração'!C32='🔄 Rotação Duplas'!D31,IF('🔄 Rotação Duplas'!I31="-",0,'🔄 Rotação Duplas'!I31),0)) -> 0 | E8: =IF('⚙️ Configuração'!C32='🔄 Rotação Duplas'!C36,IF('🔄 Rotação Duplas'!H36="-",0,'🔄 Rotação Duplas'!H36),IF('⚙️ Configuração'!C32='🔄 Rotação Duplas'!D36,IF('🔄 Rotação Duplas'!I36="-",0,'🔄 Rotação Duplas'!I36),0))+IF('⚙️ Configuração'!C32='🔄 Rotação Duplas'!C37,IF('🔄 Rotação Duplas'!H37="-",0,'🔄 Rotação Duplas'!H37),IF('⚙️ Configuração'!C32='🔄 Rotação Duplas'!D37,IF('🔄 Rotação Duplas'!I37="-",0,'🔄 Rotação Duplas'!I37),0))+IF('⚙️ Configuração'!C32='🔄 Rotação Duplas'!C38,IF('🔄 Rotação Duplas'!H38="-",0,'🔄 Rotação Duplas'!H38),IF('⚙️ Configuração'!C32='🔄 Rotação Duplas'!D38,IF('🔄 Rotação Duplas'!I38="-",0,'🔄 Rotação Duplas'!I38),0))+IF('⚙️ Configuração'!C32='🔄 Rotação Duplas'!C39,IF('🔄 Rotação Duplas'!H39="-",0,'🔄 Rotação Duplas'!H39),IF('⚙️ Configuração'!C32='🔄 Rotação Duplas'!D39,IF('🔄 Rotação Duplas'!I39="-",0,'🔄 Rotação Duplas'!I39),0))+IF('⚙️ Configuração'!C32='🔄 Rotação Duplas'!C40,IF('🔄 Rotação Duplas'!H40="-",0,'🔄 Rotação Duplas'!H40),IF('⚙️ Configuração'!C32='🔄 Rotação Duplas'!D40,IF('🔄 Rotação Duplas'!I40="-",0,'🔄 Rotação Duplas'!I40),0))+IF('⚙️ Configuração'!C32='🔄 Rotação Duplas'!C41,IF('🔄 Rotação Duplas'!H41="-",0,'🔄 Rotação Duplas'!H41),IF('⚙️ Configuração'!C32='🔄 Rotação Duplas'!D41,IF('🔄 Rotação Duplas'!I41="-",0,'🔄 Rotação Duplas'!I41),0))+IF('⚙️ Configuração'!C32='🔄 Rotação Duplas'!C42,IF('🔄 Rotação Duplas'!H42="-",0,'🔄 Rotação Duplas'!H42),IF('⚙️ Configuração'!C32='🔄 Rotação Duplas'!D42,IF('🔄 Rotação Duplas'!I42="-",0,'🔄 Rotação Duplas'!I42),0))+IF('⚙️ Configuração'!C32='🔄 Rotação Duplas'!C43,IF('🔄 Rotação Duplas'!H43="-",0,'🔄 Rotação Duplas'!H43),IF('⚙️ Configuração'!C32='🔄 Rotação Duplas'!D43,IF('🔄 Rotação Duplas'!I43="-",0,'🔄 Rotação Duplas'!I43),0))+IF('⚙️ Configuração'!C32='🔄 Rotação Duplas'!C44,IF('🔄 Rotação Duplas'!H44="-",0,'🔄 Rotação Duplas'!H44),IF('⚙️ Configuração'!C32='🔄 Rotação Duplas'!D44,IF('🔄 Rotação Duplas'!I44="-",0,'🔄 Rotação Duplas'!I44),0))+IF('⚙️ Configuração'!C32='🔄 Rotação Duplas'!C45,IF('🔄 Rotação Duplas'!H45="-",0,'🔄 Rotação Duplas'!H45),IF('⚙️ Configuração'!C32='🔄 Rotação Duplas'!D45,IF('🔄 Rotação Duplas'!I45="-",0,'🔄 Rotação Duplas'!I45),0)) -> 0 | F8: =IF('⚙️ Configuração'!C32='🔄 Rotação Duplas'!C50,IF('🔄 Rotação Duplas'!H50="-",0,'🔄 Rotação Duplas'!H50),IF('⚙️ Configuração'!C32='🔄 Rotação Duplas'!D50,IF('🔄 Rotação Duplas'!I50="-",0,'🔄 Rotação Duplas'!I50),0))+IF('⚙️ Configuração'!C32='🔄 Rotação Duplas'!C51,IF('🔄 Rotação Duplas'!H51="-",0,'🔄 Rotação Duplas'!H51),IF('⚙️ Configuração'!C32='🔄 Rotação Duplas'!D51,IF('🔄 Rotação Duplas'!I51="-",0,'🔄 Rotação Duplas'!I51),0))+IF('⚙️ Configuração'!C32='🔄 Rotação Duplas'!C52,IF('🔄 Rotação Duplas'!H52="-",0,'🔄 Rotação Duplas'!H52),IF('⚙️ Configuração'!C32='🔄 Rotação Duplas'!D52,IF('🔄 Rotação Duplas'!I52="-",0,'🔄 Rotação Duplas'!I52),0))+IF('⚙️ Configuração'!C32='🔄 Rotação Duplas'!C53,IF('🔄 Rotação Duplas'!H53="-",0,'🔄 Rotação Duplas'!H53),IF('⚙️ Configuração'!C32='🔄 Rotação Duplas'!D53,IF('🔄 Rotação Duplas'!I53="-",0,'🔄 Rotação Duplas'!I53),0))+IF('⚙️ Configuração'!C32='🔄 Rotação Duplas'!C54,IF('🔄 Rotação Duplas'!H54="-",0,'🔄 Rotação Duplas'!H54),IF('⚙️ Configuração'!C32='🔄 Rotação Duplas'!D54,IF('🔄 Rotação Duplas'!I54="-",0,'🔄 Rotação Duplas'!I54),0))+IF('⚙️ Configuração'!C32='🔄 Rotação Duplas'!C55,IF('🔄 Rotação Duplas'!H55="-",0,'🔄 Rotação Duplas'!H55),IF('⚙️ Configuração'!C32='🔄 Rotação Duplas'!D55,IF('🔄 Rotação Duplas'!I55="-",0,'🔄 Rotação Duplas'!I55),0))+IF('⚙️ Configuração'!C32='🔄 Rotação Duplas'!C56,IF('🔄 Rotação Duplas'!H56="-",0,'🔄 Rotação Duplas'!H56),IF('⚙️ Configuração'!C32='🔄 Rotação Duplas'!D56,IF('🔄 Rotação Duplas'!I56="-",0,'🔄 Rotação Duplas'!I56),0))+IF('⚙️ Configuração'!C32='🔄 Rotação Duplas'!C57,IF('🔄 Rotação Duplas'!H57="-",0,'🔄 Rotação Duplas'!H57),IF('⚙️ Configuração'!C32='🔄 Rotação Duplas'!D57,IF('🔄 Rotação Duplas'!I57="-",0,'🔄 Rotação Duplas'!I57),0))+IF('⚙️ Configuração'!C32='🔄 Rotação Duplas'!C58,IF('🔄 Rotação Duplas'!H58="-",0,'🔄 Rotação Duplas'!H58),IF('⚙️ Configuração'!C32='🔄 Rotação Duplas'!D58,IF('🔄 Rotação Duplas'!I58="-",0,'🔄 Rotação Duplas'!I58),0))+IF('⚙️ Configuração'!C32='🔄 Rotação Duplas'!C59,IF('🔄 Rotação Duplas'!H59="-",0,'🔄 Rotação Duplas'!H59),IF('⚙️ Configuração'!C32='🔄 Rotação Duplas'!D59,IF('🔄 Rotação Duplas'!I59="-",0,'🔄 Rotação Duplas'!I59),0)) -> 0 | G8: =IF('⚙️ Configuração'!C32='🔄 Rotação Duplas'!C64,IF('🔄 Rotação Duplas'!H64="-",0,'🔄 Rotação Duplas'!H64),IF('⚙️ Configuração'!C32='🔄 Rotação Duplas'!D64,IF('🔄 Rotação Duplas'!I64="-",0,'🔄 Rotação Duplas'!I64),0))+IF('⚙️ Configuração'!C32='🔄 Rotação Duplas'!C65,IF('🔄 Rotação Duplas'!H65="-",0,'🔄 Rotação Duplas'!H65),IF('⚙️ Configuração'!C32='🔄 Rotação Duplas'!D65,IF('🔄 Rotação Duplas'!I65="-",0,'🔄 Rotação Duplas'!I65),0))+IF('⚙️ Configuração'!C32='🔄 Rotação Duplas'!C66,IF('🔄 Rotação Duplas'!H66="-",0,'🔄 Rotação Duplas'!H66),IF('⚙️ Configuração'!C32='🔄 Rotação Duplas'!D66,IF('🔄 Rotação Duplas'!I66="-",0,'🔄 Rotação Duplas'!I66),0))+IF('⚙️ Configuração'!C32='🔄 Rotação Duplas'!C67,IF('🔄 Rotação Duplas'!H67="-",0,'🔄 Rotação Duplas'!H67),IF('⚙️ Configuração'!C32='🔄 Rotação Duplas'!D67,IF('🔄 Rotação Duplas'!I67="-",0,'🔄 Rotação Duplas'!I67),0))+IF('⚙️ Configuração'!C32='🔄 Rotação Duplas'!C68,IF('🔄 Rotação Duplas'!H68="-",0,'🔄 Rotação Duplas'!H68),IF('⚙️ Configuração'!C32='🔄 Rotação Duplas'!D68,IF('🔄 Rotação Duplas'!I68="-",0,'🔄 Rotação Duplas'!I68),0))+IF('⚙️ Configuração'!C32='🔄 Rotação Duplas'!C69,IF('🔄 Rotação Duplas'!H69="-",0,'🔄 Rotação Duplas'!H69),IF('⚙️ Configuração'!C32='🔄 Rotação Duplas'!D69,IF('🔄 Rotação Duplas'!I69="-",0,'🔄 Rotação Duplas'!I69),0))+IF('⚙️ Configuração'!C32='🔄 Rotação Duplas'!C70,IF('🔄 Rotação Duplas'!H70="-",0,'🔄 Rotação Duplas'!H70),IF('⚙️ Configuração'!C32='🔄 Rotação Duplas'!D70,IF('🔄 Rotação Duplas'!I70="-",0,'🔄 Rotação Duplas'!I70),0))+IF('⚙️ Configuração'!C32='🔄 Rotação Duplas'!C71,IF('🔄 Rotação Duplas'!H71="-",0,'🔄 Rotação Duplas'!H71),IF('⚙️ Configuração'!C32='🔄 Rotação Duplas'!D71,IF('🔄 Rotação Duplas'!I71="-",0,'🔄 Rotação Duplas'!I71),0))+IF('⚙️ Configuração'!C32='🔄 Rotação Duplas'!C72,IF('🔄 Rotação Duplas'!H72="-",0,'🔄 Rotação Duplas'!H72),IF('⚙️ Configuração'!C32='🔄 Rotação Duplas'!D72,IF('🔄 Rotação Duplas'!I72="-",0,'🔄 Rotação Duplas'!I72),0))+IF('⚙️ Configuração'!C32='🔄 Rotação Duplas'!C73,IF('🔄 Rotação Duplas'!H73="-",0,'🔄 Rotação Duplas'!H73),IF('⚙️ Configuração'!C32='🔄 Rotação Duplas'!D73,IF('🔄 Rotação Duplas'!I73="-",0,'🔄 Rotação Duplas'!I73),0)) -> 0 | H8: =IF('⚙️ Configuração'!C32='🔄 Rotação Duplas'!C78,IF('🔄 Rotação Duplas'!H78="-",0,'🔄 Rotação Duplas'!H78),IF('⚙️ Configuração'!C32='🔄 Rotação Duplas'!D78,IF('🔄 Rotação Duplas'!I78="-",0,'🔄 Rotação Duplas'!I78),0))+IF('⚙️ Configuração'!C32='🔄 Rotação Duplas'!C79,IF('🔄 Rotação Duplas'!H79="-",0,'🔄 Rotação Duplas'!H79),IF('⚙️ Configuração'!C32='🔄 Rotação Duplas'!D79,IF('🔄 Rotação Duplas'!I79="-",0,'🔄 Rotação Duplas'!I79),0))+IF('⚙️ Configuração'!C32='🔄 Rotação Duplas'!C80,IF('🔄 Rotação Duplas'!H80="-",0,'🔄 Rotação Duplas'!H80),IF('⚙️ Configuração'!C32='🔄 Rotação Duplas'!D80,IF('🔄 Rotação Duplas'!I80="-",0,'🔄 Rotação Duplas'!I80),0))+IF('⚙️ Configuração'!C32='🔄 Rotação Duplas'!C81,IF('🔄 Rotação Duplas'!H81="-",0,'🔄 Rotação Duplas'!H81),IF('⚙️ Configuração'!C32='🔄 Rotação Duplas'!D81,IF('🔄 Rotação Duplas'!I81="-",0,'🔄 Rotação Duplas'!I81),0))+IF('⚙️ Configuração'!C32='🔄 Rotação Duplas'!C82,IF('🔄 Rotação Duplas'!H82="-",0,'🔄 Rotação Duplas'!H82),IF('⚙️ Configuração'!C32='🔄 Rotação Duplas'!D82,IF('🔄 Rotação Duplas'!I82="-",0,'🔄 Rotação Duplas'!I82),0))+IF('⚙️ Configuração'!C32='🔄 Rotação Duplas'!C83,IF('🔄 Rotação Duplas'!H83="-",0,'🔄 Rotação Duplas'!H83),IF('⚙️ Configuração'!C32='🔄 Rotação Duplas'!D83,IF('🔄 Rotação Duplas'!I83="-",0,'🔄 Rotação Duplas'!I83),0))+IF('⚙️ Configuração'!C32='🔄 Rotação Duplas'!C84,IF('🔄 Rotação Duplas'!H84="-",0,'🔄 Rotação Duplas'!H84),IF('⚙️ Configuração'!C32='🔄 Rotação Duplas'!D84,IF('🔄 Rotação Duplas'!I84="-",0,'🔄 Rotação Duplas'!I84),0))+IF('⚙️ Configuração'!C32='🔄 Rotação Duplas'!C85,IF('🔄 Rotação Duplas'!H85="-",0,'🔄 Rotação Duplas'!H85),IF('⚙️ Configuração'!C32='🔄 Rotação Duplas'!D85,IF('🔄 Rotação Duplas'!I85="-",0,'🔄 Rotação Duplas'!I85),0))+IF('⚙️ Configuração'!C32='🔄 Rotação Duplas'!C86,IF('🔄 Rotação Duplas'!H86="-",0,'🔄 Rotação Duplas'!H86),IF('⚙️ Configuração'!C32='🔄 Rotação Duplas'!D86,IF('🔄 Rotação Duplas'!I86="-",0,'🔄 Rotação Duplas'!I86),0))+IF('⚙️ Configuração'!C32='🔄 Rotação Duplas'!C87,IF('🔄 Rotação Duplas'!H87="-",0,'🔄 Rotação Duplas'!H87),IF('⚙️ Configuração'!C32='🔄 Rotação Duplas'!D87,IF('🔄 Rotação Duplas'!I87="-",0,'🔄 Rotação Duplas'!I87),0)) -> 0 | I8: =IF('⚙️ Configuração'!C32='🔄 Rotação Duplas'!C92,IF('🔄 Rotação Duplas'!H92="-",0,'🔄 Rotação Duplas'!H92),IF('⚙️ Configuração'!C32='🔄 Rotação Duplas'!D92,IF('🔄 Rotação Duplas'!I92="-",0,'🔄 Rotação Duplas'!I92),0))+IF('⚙️ Configuração'!C32='🔄 Rotação Duplas'!C93,IF('🔄 Rotação Duplas'!H93="-",0,'🔄 Rotação Duplas'!H93),IF('⚙️ Configuração'!C32='🔄 Rotação Duplas'!D93,IF('🔄 Rotação Duplas'!I93="-",0,'🔄 Rotação Duplas'!I93),0))+IF('⚙️ Configuração'!C32='🔄 Rotação Duplas'!C94,IF('🔄 Rotação Duplas'!H94="-",0,'🔄 Rotação Duplas'!H94),IF('⚙️ Configuração'!C32='🔄 Rotação Duplas'!D94,IF('🔄 Rotação Duplas'!I94="-",0,'🔄 Rotação Duplas'!I94),0))+IF('⚙️ Configuração'!C32='🔄 Rotação Duplas'!C95,IF('🔄 Rotação Duplas'!H95="-",0,'🔄 Rotação Duplas'!H95),IF('⚙️ Configuração'!C32='🔄 Rotação Duplas'!D95,IF('🔄 Rotação Duplas'!I95="-",0,'🔄 Rotação Duplas'!I95),0))+IF('⚙️ Configuração'!C32='🔄 Rotação Duplas'!C96,IF('🔄 Rotação Duplas'!H96="-",0,'🔄 Rotação Duplas'!H96),IF('⚙️ Configuração'!C32='🔄 Rotação Duplas'!D96,IF('🔄 Rotação Duplas'!I96="-",0,'🔄 Rotação Duplas'!I96),0))+IF('⚙️ Configuração'!C32='🔄 Rotação Duplas'!C97,IF('🔄 Rotação Duplas'!H97="-",0,'🔄 Rotação Duplas'!H97),IF('⚙️ Configuração'!C32='🔄 Rotação Duplas'!D97,IF('🔄 Rotação Duplas'!I97="-",0,'🔄 Rotação Duplas'!I97),0))+IF('⚙️ Configuração'!C32='🔄 Rotação Duplas'!C98,IF('🔄 Rotação Duplas'!H98="-",0,'🔄 Rotação Duplas'!H98),IF('⚙️ Configuração'!C32='🔄 Rotação Duplas'!D98,IF('🔄 Rotação Duplas'!I98="-",0,'🔄 Rotação Duplas'!I98),0))+IF('⚙️ Configuração'!C32='🔄 Rotação Duplas'!C99,IF('🔄 Rotação Duplas'!H99="-",0,'🔄 Rotação Duplas'!H99),IF('⚙️ Configuração'!C32='🔄 Rotação Duplas'!D99,IF('🔄 Rotação Duplas'!I99="-",0,'🔄 Rotação Duplas'!I99),0))+IF('⚙️ Configuração'!C32='🔄 Rotação Duplas'!C100,IF('🔄 Rotação Duplas'!H100="-",0,'🔄 Rotação Duplas'!H100),IF('⚙️ Configuração'!C32='🔄 Rotação Duplas'!D100,IF('🔄 Rotação Duplas'!I100="-",0,'🔄 Rotação Duplas'!I100),0))+IF('⚙️ Configuração'!C32='🔄 Rotação Duplas'!C101,IF('🔄 Rotação Duplas'!H101="-",0,'🔄 Rotação Duplas'!H101),IF('⚙️ Configuração'!C32='🔄 Rotação Duplas'!D101,IF('🔄 Rotação Duplas'!I101="-",0,'🔄 Rotação Duplas'!I101),0)) -> 0 | J8: =IF('⚙️ Configuração'!C32='🔄 Rotação Duplas'!C106,IF('🔄 Rotação Duplas'!H106="-",0,'🔄 Rotação Duplas'!H106),IF('⚙️ Configuração'!C32='🔄 Rotação Duplas'!D106,IF('🔄 Rotação Duplas'!I106="-",0,'🔄 Rotação Duplas'!I106),0))+IF('⚙️ Configuração'!C32='🔄 Rotação Duplas'!C107,IF('🔄 Rotação Duplas'!H107="-",0,'🔄 Rotação Duplas'!H107),IF('⚙️ Configuração'!C32='🔄 Rotação Duplas'!D107,IF('🔄 Rotação Duplas'!I107="-",0,'🔄 Rotação Duplas'!I107),0))+IF('⚙️ Configuração'!C32='🔄 Rotação Duplas'!C108,IF('🔄 Rotação Duplas'!H108="-",0,'🔄 Rotação Duplas'!H108),IF('⚙️ Configuração'!C32='🔄 Rotação Duplas'!D108,IF('🔄 Rotação Duplas'!I108="-",0,'🔄 Rotação Duplas'!I108),0))+IF('⚙️ Configuração'!C32='🔄 Rotação Duplas'!C109,IF('🔄 Rotação Duplas'!H109="-",0,'🔄 Rotação Duplas'!H109),IF('⚙️ Configuração'!C32='🔄 Rotação Duplas'!D109,IF('🔄 Rotação Duplas'!I109="-",0,'🔄 Rotação Duplas'!I109),0))+IF('⚙️ Configuração'!C32='🔄 Rotação Duplas'!C110,IF('🔄 Rotação Duplas'!H110="-",0,'🔄 Rotação Duplas'!H110),IF('⚙️ Configuração'!C32='🔄 Rotação Duplas'!D110,IF('🔄 Rotação Duplas'!I110="-",0,'🔄 Rotação Duplas'!I110),0))+IF('⚙️ Configuração'!C32='🔄 Rotação Duplas'!C111,IF('🔄 Rotação Duplas'!H111="-",0,'🔄 Rotação Duplas'!H111),IF('⚙️ Configuração'!C32='🔄 Rotação Duplas'!D111,IF('🔄 Rotação Duplas'!I111="-",0,'🔄 Rotação Duplas'!I111),0))+IF('⚙️ Configuração'!C32='🔄 Rotação Duplas'!C112,IF('🔄 Rotação Duplas'!H112="-",0,'🔄 Rotação Duplas'!H112),IF('⚙️ Configuração'!C32='🔄 Rotação Duplas'!D112,IF('🔄 Rotação Duplas'!I112="-",0,'🔄 Rotação Duplas'!I112),0))+IF('⚙️ Configuração'!C32='🔄 Rotação Duplas'!C113,IF('🔄 Rotação Duplas'!H113="-",0,'🔄 Rotação Duplas'!H113),IF('⚙️ Configuração'!C32='🔄 Rotação Duplas'!D113,IF('🔄 Rotação Duplas'!I113="-",0,'🔄 Rotação Duplas'!I113),0))+IF('⚙️ Configuração'!C32='🔄 Rotação Duplas'!C114,IF('🔄 Rotação Duplas'!H114="-",0,'🔄 Rotação Duplas'!H114),IF('⚙️ Configuração'!C32='🔄 Rotação Duplas'!D114,IF('🔄 Rotação Duplas'!I114="-",0,'🔄 Rotação Duplas'!I114),0))+IF('⚙️ Configuração'!C32='🔄 Rotação Duplas'!C115,IF('🔄 Rotação Duplas'!H115="-",0,'🔄 Rotação Duplas'!H115),IF('⚙️ Configuração'!C32='🔄 Rotação Duplas'!D115,IF('🔄 Rotação Duplas'!I115="-",0,'🔄 Rotação Duplas'!I115),0)) -> 0 | K8: =SUM(C8:J8) -> 56 | L8: =SUMIF('📋 Registo Diário'!$D$7:$D$646,'⚙️ Configuração'!C32,'📋 Registo Diário'!$Q$7:$Q$646) -> 74 | M8: =K8+L8 -> 130
B9: ='⚙️ Configuração'!C33 -> Helena Rocha | C9: =IF('⚙️ Configuração'!C33='🔄 Rotação Duplas'!C8,IF('🔄 Rotação Duplas'!H8="-",0,'🔄 Rotação Duplas'!H8),IF('⚙️ Configuração'!C33='🔄 Rotação Duplas'!D8,IF('🔄 Rotação Duplas'!I8="-",0,'🔄 Rotação Duplas'!I8),0))+IF('⚙️ Configuração'!C33='🔄 Rotação Duplas'!C9,IF('🔄 Rotação Duplas'!H9="-",0,'🔄 Rotação Duplas'!H9),IF('⚙️ Configuração'!C33='🔄 Rotação Duplas'!D9,IF('🔄 Rotação Duplas'!I9="-",0,'🔄 Rotação Duplas'!I9),0))+IF('⚙️ Configuração'!C33='🔄 Rotação Duplas'!C10,IF('🔄 Rotação Duplas'!H10="-",0,'🔄 Rotação Duplas'!H10),IF('⚙️ Configuração'!C33='🔄 Rotação Duplas'!D10,IF('🔄 Rotação Duplas'!I10="-",0,'🔄 Rotação Duplas'!I10),0))+IF('⚙️ Configuração'!C33='🔄 Rotação Duplas'!C11,IF('🔄 Rotação Duplas'!H11="-",0,'🔄 Rotação Duplas'!H11),IF('⚙️ Configuração'!C33='🔄 Rotação Duplas'!D11,IF('🔄 Rotação Duplas'!I11="-",0,'🔄 Rotação Duplas'!I11),0))+IF('⚙️ Configuração'!C33='🔄 Rotação Duplas'!C12,IF('🔄 Rotação Duplas'!H12="-",0,'🔄 Rotação Duplas'!H12),IF('⚙️ Configuração'!C33='🔄 Rotação Duplas'!D12,IF('🔄 Rotação Duplas'!I12="-",0,'🔄 Rotação Duplas'!I12),0))+IF('⚙️ Configuração'!C33='🔄 Rotação Duplas'!C13,IF('🔄 Rotação Duplas'!H13="-",0,'🔄 Rotação Duplas'!H13),IF('⚙️ Configuração'!C33='🔄 Rotação Duplas'!D13,IF('🔄 Rotação Duplas'!I13="-",0,'🔄 Rotação Duplas'!I13),0))+IF('⚙️ Configuração'!C33='🔄 Rotação Duplas'!C14,IF('🔄 Rotação Duplas'!H14="-",0,'🔄 Rotação Duplas'!H14),IF('⚙️ Configuração'!C33='🔄 Rotação Duplas'!D14,IF('🔄 Rotação Duplas'!I14="-",0,'🔄 Rotação Duplas'!I14),0))+IF('⚙️ Configuração'!C33='🔄 Rotação Duplas'!C15,IF('🔄 Rotação Duplas'!H15="-",0,'🔄 Rotação Duplas'!H15),IF('⚙️ Configuração'!C33='🔄 Rotação Duplas'!D15,IF('🔄 Rotação Duplas'!I15="-",0,'🔄 Rotação Duplas'!I15),0))+IF('⚙️ Configuração'!C33='🔄 Rotação Duplas'!C16,IF('🔄 Rotação Duplas'!H16="-",0,'🔄 Rotação Duplas'!H16),IF('⚙️ Configuração'!C33='🔄 Rotação Duplas'!D16,IF('🔄 Rotação Duplas'!I16="-",0,'🔄 Rotação Duplas'!I16),0))+IF('⚙️ Configuração'!C33='🔄 Rotação Duplas'!C17,IF('🔄 Rotação Duplas'!H17="-",0,'🔄 Rotação Duplas'!H17),IF('⚙️ Configuração'!C33='🔄 Rotação Duplas'!D17,IF('🔄 Rotação Duplas'!I17="-",0,'🔄 Rotação Duplas'!I17),0)) -> 32 | D9: =IF('⚙️ Configuração'!C33='🔄 Rotação Duplas'!C22,IF('🔄 Rotação Duplas'!H22="-",0,'🔄 Rotação Duplas'!H22),IF('⚙️ Configuração'!C33='🔄 Rotação Duplas'!D22,IF('🔄 Rotação Duplas'!I22="-",0,'🔄 Rotação Duplas'!I22),0))+IF('⚙️ Configuração'!C33='🔄 Rotação Duplas'!C23,IF('🔄 Rotação Duplas'!H23="-",0,'🔄 Rotação Duplas'!H23),IF('⚙️ Configuração'!C33='🔄 Rotação Duplas'!D23,IF('🔄 Rotação Duplas'!I23="-",0,'🔄 Rotação Duplas'!I23),0))+IF('⚙️ Configuração'!C33='🔄 Rotação Duplas'!C24,IF('🔄 Rotação Duplas'!H24="-",0,'🔄 Rotação Duplas'!H24),IF('⚙️ Configuração'!C33='🔄 Rotação Duplas'!D24,IF('🔄 Rotação Duplas'!I24="-",0,'🔄 Rotação Duplas'!I24),0))+IF('⚙️ Configuração'!C33='🔄 Rotação Duplas'!C25,IF('🔄 Rotação Duplas'!H25="-",0,'🔄 Rotação Duplas'!H25),IF('⚙️ Configuração'!C33='🔄 Rotação Duplas'!D25,IF('🔄 Rotação Duplas'!I25="-",0,'🔄 Rotação Duplas'!I25),0))+IF('⚙️ Configuração'!C33='🔄 Rotação Duplas'!C26,IF('🔄 Rotação Duplas'!H26="-",0,'🔄 Rotação Duplas'!H26),IF('⚙️ Configuração'!C33='🔄 Rotação Duplas'!D26,IF('🔄 Rotação Duplas'!I26="-",0,'🔄 Rotação Duplas'!I26),0))+IF('⚙️ Configuração'!C33='🔄 Rotação Duplas'!C27,IF('🔄 Rotação Duplas'!H27="-",0,'🔄 Rotação Duplas'!H27),IF('⚙️ Configuração'!C33='🔄 Rotação Duplas'!D27,IF('🔄 Rotação Duplas'!I27="-",0,'🔄 Rotação Duplas'!I27),0))+IF('⚙️ Configuração'!C33='🔄 Rotação Duplas'!C28,IF('🔄 Rotação Duplas'!H28="-",0,'🔄 Rotação Duplas'!H28),IF('⚙️ Configuração'!C33='🔄 Rotação Duplas'!D28,IF('🔄 Rotação Duplas'!I28="-",0,'🔄 Rotação Duplas'!I28),0))+IF('⚙️ Configuração'!C33='🔄 Rotação Duplas'!C29,IF('🔄 Rotação Duplas'!H29="-",0,'🔄 Rotação Duplas'!H29),IF('⚙️ Configuração'!C33='🔄 Rotação Duplas'!D29,IF('🔄 Rotação Duplas'!I29="-",0,'🔄 Rotação Duplas'!I29),0))+IF('⚙️ Configuração'!C33='🔄 Rotação Duplas'!C30,IF('🔄 Rotação Duplas'!H30="-",0,'🔄 Rotação Duplas'!H30),IF('⚙️ Configuração'!C33='🔄 Rotação Duplas'!D30,IF('🔄 Rotação Duplas'!I30="-",0,'🔄 Rotação Duplas'!I30),0))+IF('⚙️ Configuração'!C33='🔄 Rotação Duplas'!C31,IF('🔄 Rotação Duplas'!H31="-",0,'🔄 Rotação Duplas'!H31),IF('⚙️ Configuração'!C33='🔄 Rotação Duplas'!D31,IF('🔄 Rotação Duplas'!I31="-",0,'🔄 Rotação Duplas'!I31),0)) -> 0 | E9: =IF('⚙️ Configuração'!C33='🔄 Rotação Duplas'!C36,IF('🔄 Rotação Duplas'!H36="-",0,'🔄 Rotação Duplas'!H36),IF('⚙️ Configuração'!C33='🔄 Rotação Duplas'!D36,IF('🔄 Rotação Duplas'!I36="-",0,'🔄 Rotação Duplas'!I36),0))+IF('⚙️ Configuração'!C33='🔄 Rotação Duplas'!C37,IF('🔄 Rotação Duplas'!H37="-",0,'🔄 Rotação Duplas'!H37),IF('⚙️ Configuração'!C33='🔄 Rotação Duplas'!D37,IF('🔄 Rotação Duplas'!I37="-",0,'🔄 Rotação Duplas'!I37),0))+IF('⚙️ Configuração'!C33='🔄 Rotação Duplas'!C38,IF('🔄 Rotação Duplas'!H38="-",0,'🔄 Rotação Duplas'!H38),IF('⚙️ Configuração'!C33='🔄 Rotação Duplas'!D38,IF('🔄 Rotação Duplas'!I38="-",0,'🔄 Rotação Duplas'!I38),0))+IF('⚙️ Configuração'!C33='🔄 Rotação Duplas'!C39,IF('🔄 Rotação Duplas'!H39="-",0,'🔄 Rotação Duplas'!H39),IF('⚙️ Configuração'!C33='🔄 Rotação Duplas'!D39,IF('🔄 Rotação Duplas'!I39="-",0,'🔄 Rotação Duplas'!I39),0))+IF('⚙️ Configuração'!C33='🔄 Rotação Duplas'!C40,IF('🔄 Rotação Duplas'!H40="-",0,'🔄 Rotação Duplas'!H40),IF('⚙️ Configuração'!C33='🔄 Rotação Duplas'!D40,IF('🔄 Rotação Duplas'!I40="-",0,'🔄 Rotação Duplas'!I40),0))+IF('⚙️ Configuração'!C33='🔄 Rotação Duplas'!C41,IF('🔄 Rotação Duplas'!H41="-",0,'🔄 Rotação Duplas'!H41),IF('⚙️ Configuração'!C33='🔄 Rotação Duplas'!D41,IF('🔄 Rotação Duplas'!I41="-",0,'🔄 Rotação Duplas'!I41),0))+IF('⚙️ Configuração'!C33='🔄 Rotação Duplas'!C42,IF('🔄 Rotação Duplas'!H42="-",0,'🔄 Rotação Duplas'!H42),IF('⚙️ Configuração'!C33='🔄 Rotação Duplas'!D42,IF('🔄 Rotação Duplas'!I42="-",0,'🔄 Rotação Duplas'!I42),0))+IF('⚙️ Configuração'!C33='🔄 Rotação Duplas'!C43,IF('🔄 Rotação Duplas'!H43="-",0,'🔄 Rotação Duplas'!H43),IF('⚙️ Configuração'!C33='🔄 Rotação Duplas'!D43,IF('🔄 Rotação Duplas'!I43="-",0,'🔄 Rotação Duplas'!I43),0))+IF('⚙️ Configuração'!C33='🔄 Rotação Duplas'!C44,IF('🔄 Rotação Duplas'!H44="-",0,'🔄 Rotação Duplas'!H44),IF('⚙️ Configuração'!C33='🔄 Rotação Duplas'!D44,IF('🔄 Rotação Duplas'!I44="-",0,'🔄 Rotação Duplas'!I44),0))+IF('⚙️ Configuração'!C33='🔄 Rotação Duplas'!C45,IF('🔄 Rotação Duplas'!H45="-",0,'🔄 Rotação Duplas'!H45),IF('⚙️ Configuração'!C33='🔄 Rotação Duplas'!D45,IF('🔄 Rotação Duplas'!I45="-",0,'🔄 Rotação Duplas'!I45),0)) -> 0 | F9: =IF('⚙️ Configuração'!C33='🔄 Rotação Duplas'!C50,IF('🔄 Rotação Duplas'!H50="-",0,'🔄 Rotação Duplas'!H50),IF('⚙️ Configuração'!C33='🔄 Rotação Duplas'!D50,IF('🔄 Rotação Duplas'!I50="-",0,'🔄 Rotação Duplas'!I50),0))+IF('⚙️ Configuração'!C33='🔄 Rotação Duplas'!C51,IF('🔄 Rotação Duplas'!H51="-",0,'🔄 Rotação Duplas'!H51),IF('⚙️ Configuração'!C33='🔄 Rotação Duplas'!D51,IF('🔄 Rotação Duplas'!I51="-",0,'🔄 Rotação Duplas'!I51),0))+IF('⚙️ Configuração'!C33='🔄 Rotação Duplas'!C52,IF('🔄 Rotação Duplas'!H52="-",0,'🔄 Rotação Duplas'!H52),IF('⚙️ Configuração'!C33='🔄 Rotação Duplas'!D52,IF('🔄 Rotação Duplas'!I52="-",0,'🔄 Rotação Duplas'!I52),0))+IF('⚙️ Configuração'!C33='🔄 Rotação Duplas'!C53,IF('🔄 Rotação Duplas'!H53="-",0,'🔄 Rotação Duplas'!H53),IF('⚙️ Configuração'!C33='🔄 Rotação Duplas'!D53,IF('🔄 Rotação Duplas'!I53="-",0,'🔄 Rotação Duplas'!I53),0))+IF('⚙️ Configuração'!C33='🔄 Rotação Duplas'!C54,IF('🔄 Rotação Duplas'!H54="-",0,'🔄 Rotação Duplas'!H54),IF('⚙️ Configuração'!C33='🔄 Rotação Duplas'!D54,IF('🔄 Rotação Duplas'!I54="-",0,'🔄 Rotação Duplas'!I54),0))+IF('⚙️ Configuração'!C33='🔄 Rotação Duplas'!C55,IF('🔄 Rotação Duplas'!H55="-",0,'🔄 Rotação Duplas'!H55),IF('⚙️ Configuração'!C33='🔄 Rotação Duplas'!D55,IF('🔄 Rotação Duplas'!I55="-",0,'🔄 Rotação Duplas'!I55),0))+IF('⚙️ Configuração'!C33='🔄 Rotação Duplas'!C56,IF('🔄 Rotação Duplas'!H56="-",0,'🔄 Rotação Duplas'!H56),IF('⚙️ Configuração'!C33='🔄 Rotação Duplas'!D56,IF('🔄 Rotação Duplas'!I56="-",0,'🔄 Rotação Duplas'!I56),0))+IF('⚙️ Configuração'!C33='🔄 Rotação Duplas'!C57,IF('🔄 Rotação Duplas'!H57="-",0,'🔄 Rotação Duplas'!H57),IF('⚙️ Configuração'!C33='🔄 Rotação Duplas'!D57,IF('🔄 Rotação Duplas'!I57="-",0,'🔄 Rotação Duplas'!I57),0))+IF('⚙️ Configuração'!C33='🔄 Rotação Duplas'!C58,IF('🔄 Rotação Duplas'!H58="-",0,'🔄 Rotação Duplas'!H58),IF('⚙️ Configuração'!C33='🔄 Rotação Duplas'!D58,IF('🔄 Rotação Duplas'!I58="-",0,'🔄 Rotação Duplas'!I58),0))+IF('⚙️ Configuração'!C33='🔄 Rotação Duplas'!C59,IF('🔄 Rotação Duplas'!H59="-",0,'🔄 Rotação Duplas'!H59),IF('⚙️ Configuração'!C33='🔄 Rotação Duplas'!D59,IF('🔄 Rotação Duplas'!I59="-",0,'🔄 Rotação Duplas'!I59),0)) -> 0 | G9: =IF('⚙️ Configuração'!C33='🔄 Rotação Duplas'!C64,IF('🔄 Rotação Duplas'!H64="-",0,'🔄 Rotação Duplas'!H64),IF('⚙️ Configuração'!C33='🔄 Rotação Duplas'!D64,IF('🔄 Rotação Duplas'!I64="-",0,'🔄 Rotação Duplas'!I64),0))+IF('⚙️ Configuração'!C33='🔄 Rotação Duplas'!C65,IF('🔄 Rotação Duplas'!H65="-",0,'🔄 Rotação Duplas'!H65),IF('⚙️ Configuração'!C33='🔄 Rotação Duplas'!D65,IF('🔄 Rotação Duplas'!I65="-",0,'🔄 Rotação Duplas'!I65),0))+IF('⚙️ Configuração'!C33='🔄 Rotação Duplas'!C66,IF('🔄 Rotação Duplas'!H66="-",0,'🔄 Rotação Duplas'!H66),IF('⚙️ Configuração'!C33='🔄 Rotação Duplas'!D66,IF('🔄 Rotação Duplas'!I66="-",0,'🔄 Rotação Duplas'!I66),0))+IF('⚙️ Configuração'!C33='🔄 Rotação Duplas'!C67,IF('🔄 Rotação Duplas'!H67="-",0,'🔄 Rotação Duplas'!H67),IF('⚙️ Configuração'!C33='🔄 Rotação Duplas'!D67,IF('🔄 Rotação Duplas'!I67="-",0,'🔄 Rotação Duplas'!I67),0))+IF('⚙️ Configuração'!C33='🔄 Rotação Duplas'!C68,IF('🔄 Rotação Duplas'!H68="-",0,'🔄 Rotação Duplas'!H68),IF('⚙️ Configuração'!C33='🔄 Rotação Duplas'!D68,IF('🔄 Rotação Duplas'!I68="-",0,'🔄 Rotação Duplas'!I68),0))+IF('⚙️ Configuração'!C33='🔄 Rotação Duplas'!C69,IF('🔄 Rotação Duplas'!H69="-",0,'🔄 Rotação Duplas'!H69),IF('⚙️ Configuração'!C33='🔄 Rotação Duplas'!D69,IF('🔄 Rotação Duplas'!I69="-",0,'🔄 Rotação Duplas'!I69),0))+IF('⚙️ Configuração'!C33='🔄 Rotação Duplas'!C70,IF('🔄 Rotação Duplas'!H70="-",0,'🔄 Rotação Duplas'!H70),IF('⚙️ Configuração'!C33='🔄 Rotação Duplas'!D70,IF('🔄 Rotação Duplas'!I70="-",0,'🔄 Rotação Duplas'!I70),0))+IF('⚙️ Configuração'!C33='🔄 Rotação Duplas'!C71,IF('🔄 Rotação Duplas'!H71="-",0,'🔄 Rotação Duplas'!H71),IF('⚙️ Configuração'!C33='🔄 Rotação Duplas'!D71,IF('🔄 Rotação Duplas'!I71="-",0,'🔄 Rotação Duplas'!I71),0))+IF('⚙️ Configuração'!C33='🔄 Rotação Duplas'!C72,IF('🔄 Rotação Duplas'!H72="-",0,'🔄 Rotação Duplas'!H72),IF('⚙️ Configuração'!C33='🔄 Rotação Duplas'!D72,IF('🔄 Rotação Duplas'!I72="-",0,'🔄 Rotação Duplas'!I72),0))+IF('⚙️ Configuração'!C33='🔄 Rotação Duplas'!C73,IF('🔄 Rotação Duplas'!H73="-",0,'🔄 Rotação Duplas'!H73),IF('⚙️ Configuração'!C33='🔄 Rotação Duplas'!D73,IF('🔄 Rotação Duplas'!I73="-",0,'🔄 Rotação Duplas'!I73),0)) -> 0 | H9: =IF('⚙️ Configuração'!C33='🔄 Rotação Duplas'!C78,IF('🔄 Rotação Duplas'!H78="-",0,'🔄 Rotação Duplas'!H78),IF('⚙️ Configuração'!C33='🔄 Rotação Duplas'!D78,IF('🔄 Rotação Duplas'!I78="-",0,'🔄 Rotação Duplas'!I78),0))+IF('⚙️ Configuração'!C33='🔄 Rotação Duplas'!C79,IF('🔄 Rotação Duplas'!H79="-",0,'🔄 Rotação Duplas'!H79),IF('⚙️ Configuração'!C33='🔄 Rotação Duplas'!D79,IF('🔄 Rotação Duplas'!I79="-",0,'🔄 Rotação Duplas'!I79),0))+IF('⚙️ Configuração'!C33='🔄 Rotação Duplas'!C80,IF('🔄 Rotação Duplas'!H80="-",0,'🔄 Rotação Duplas'!H80),IF('⚙️ Configuração'!C33='🔄 Rotação Duplas'!D80,IF('🔄 Rotação Duplas'!I80="-",0,'🔄 Rotação Duplas'!I80),0))+IF('⚙️ Configuração'!C33='🔄 Rotação Duplas'!C81,IF('🔄 Rotação Duplas'!H81="-",0,'🔄 Rotação Duplas'!H81),IF('⚙️ Configuração'!C33='🔄 Rotação Duplas'!D81,IF('🔄 Rotação Duplas'!I81="-",0,'🔄 Rotação Duplas'!I81),0))+IF('⚙️ Configuração'!C33='🔄 Rotação Duplas'!C82,IF('🔄 Rotação Duplas'!H82="-",0,'🔄 Rotação Duplas'!H82),IF('⚙️ Configuração'!C33='🔄 Rotação Duplas'!D82,IF('🔄 Rotação Duplas'!I82="-",0,'🔄 Rotação Duplas'!I82),0))+IF('⚙️ Configuração'!C33='🔄 Rotação Duplas'!C83,IF('🔄 Rotação Duplas'!H83="-",0,'🔄 Rotação Duplas'!H83),IF('⚙️ Configuração'!C33='🔄 Rotação Duplas'!D83,IF('🔄 Rotação Duplas'!I83="-",0,'🔄 Rotação Duplas'!I83),0))+IF('⚙️ Configuração'!C33='🔄 Rotação Duplas'!C84,IF('🔄 Rotação Duplas'!H84="-",0,'🔄 Rotação Duplas'!H84),IF('⚙️ Configuração'!C33='🔄 Rotação Duplas'!D84,IF('🔄 Rotação Duplas'!I84="-",0,'🔄 Rotação Duplas'!I84),0))+IF('⚙️ Configuração'!C33='🔄 Rotação Duplas'!C85,IF('🔄 Rotação Duplas'!H85="-",0,'🔄 Rotação Duplas'!H85),IF('⚙️ Configuração'!C33='🔄 Rotação Duplas'!D85,IF('🔄 Rotação Duplas'!I85="-",0,'🔄 Rotação Duplas'!I85),0))+IF('⚙️ Configuração'!C33='🔄 Rotação Duplas'!C86,IF('🔄 Rotação Duplas'!H86="-",0,'🔄 Rotação Duplas'!H86),IF('⚙️ Configuração'!C33='🔄 Rotação Duplas'!D86,IF('🔄 Rotação Duplas'!I86="-",0,'🔄 Rotação Duplas'!I86),0))+IF('⚙️ Configuração'!C33='🔄 Rotação Duplas'!C87,IF('🔄 Rotação Duplas'!H87="-",0,'🔄 Rotação Duplas'!H87),IF('⚙️ Configuração'!C33='🔄 Rotação Duplas'!D87,IF('🔄 Rotação Duplas'!I87="-",0,'🔄 Rotação Duplas'!I87),0)) -> 0 | I9: =IF('⚙️ Configuração'!C33='🔄 Rotação Duplas'!C92,IF('🔄 Rotação Duplas'!H92="-",0,'🔄 Rotação Duplas'!H92),IF('⚙️ Configuração'!C33='🔄 Rotação Duplas'!D92,IF('🔄 Rotação Duplas'!I92="-",0,'🔄 Rotação Duplas'!I92),0))+IF('⚙️ Configuração'!C33='🔄 Rotação Duplas'!C93,IF('🔄 Rotação Duplas'!H93="-",0,'🔄 Rotação Duplas'!H93),IF('⚙️ Configuração'!C33='🔄 Rotação Duplas'!D93,IF('🔄 Rotação Duplas'!I93="-",0,'🔄 Rotação Duplas'!I93),0))+IF('⚙️ Configuração'!C33='🔄 Rotação Duplas'!C94,IF('🔄 Rotação Duplas'!H94="-",0,'🔄 Rotação Duplas'!H94),IF('⚙️ Configuração'!C33='🔄 Rotação Duplas'!D94,IF('🔄 Rotação Duplas'!I94="-",0,'🔄 Rotação Duplas'!I94),0))+IF('⚙️ Configuração'!C33='🔄 Rotação Duplas'!C95,IF('🔄 Rotação Duplas'!H95="-",0,'🔄 Rotação Duplas'!H95),IF('⚙️ Configuração'!C33='🔄 Rotação Duplas'!D95,IF('🔄 Rotação Duplas'!I95="-",0,'🔄 Rotação Duplas'!I95),0))+IF('⚙️ Configuração'!C33='🔄 Rotação Duplas'!C96,IF('🔄 Rotação Duplas'!H96="-",0,'🔄 Rotação Duplas'!H96),IF('⚙️ Configuração'!C33='🔄 Rotação Duplas'!D96,IF('🔄 Rotação Duplas'!I96="-",0,'🔄 Rotação Duplas'!I96),0))+IF('⚙️ Configuração'!C33='🔄 Rotação Duplas'!C97,IF('🔄 Rotação Duplas'!H97="-",0,'🔄 Rotação Duplas'!H97),IF('⚙️ Configuração'!C33='🔄 Rotação Duplas'!D97,IF('🔄 Rotação Duplas'!I97="-",0,'🔄 Rotação Duplas'!I97),0))+IF('⚙️ Configuração'!C33='🔄 Rotação Duplas'!C98,IF('🔄 Rotação Duplas'!H98="-",0,'🔄 Rotação Duplas'!H98),IF('⚙️ Configuração'!C33='🔄 Rotação Duplas'!D98,IF('🔄 Rotação Duplas'!I98="-",0,'🔄 Rotação Duplas'!I98),0))+IF('⚙️ Configuração'!C33='🔄 Rotação Duplas'!C99,IF('🔄 Rotação Duplas'!H99="-",0,'🔄 Rotação Duplas'!H99),IF('⚙️ Configuração'!C33='🔄 Rotação Duplas'!D99,IF('🔄 Rotação Duplas'!I99="-",0,'🔄 Rotação Duplas'!I99),0))+IF('⚙️ Configuração'!C33='🔄 Rotação Duplas'!C100,IF('🔄 Rotação Duplas'!H100="-",0,'🔄 Rotação Duplas'!H100),IF('⚙️ Configuração'!C33='🔄 Rotação Duplas'!D100,IF('🔄 Rotação Duplas'!I100="-",0,'🔄 Rotação Duplas'!I100),0))+IF('⚙️ Configuração'!C33='🔄 Rotação Duplas'!C101,IF('🔄 Rotação Duplas'!H101="-",0,'🔄 Rotação Duplas'!H101),IF('⚙️ Configuração'!C33='🔄 Rotação Duplas'!D101,IF('🔄 Rotação Duplas'!I101="-",0,'🔄 Rotação Duplas'!I101),0)) -> 0 | J9: =IF('⚙️ Configuração'!C33='🔄 Rotação Duplas'!C106,IF('🔄 Rotação Duplas'!H106="-",0,'🔄 Rotação Duplas'!H106),IF('⚙️ Configuração'!C33='🔄 Rotação Duplas'!D106,IF('🔄 Rotação Duplas'!I106="-",0,'🔄 Rotação Duplas'!I106),0))+IF('⚙️ Configuração'!C33='🔄 Rotação Duplas'!C107,IF('🔄 Rotação Duplas'!H107="-",0,'🔄 Rotação Duplas'!H107),IF('⚙️ Configuração'!C33='🔄 Rotação Duplas'!D107,IF('🔄 Rotação Duplas'!I107="-",0,'🔄 Rotação Duplas'!I107),0))+IF('⚙️ Configuração'!C33='🔄 Rotação Duplas'!C108,IF('🔄 Rotação Duplas'!H108="-",0,'🔄 Rotação Duplas'!H108),IF('⚙️ Configuração'!C33='🔄 Rotação Duplas'!D108,IF('🔄 Rotação Duplas'!I108="-",0,'🔄 Rotação Duplas'!I108),0))+IF('⚙️ Configuração'!C33='🔄 Rotação Duplas'!C109,IF('🔄 Rotação Duplas'!H109="-",0,'🔄 Rotação Duplas'!H109),IF('⚙️ Configuração'!C33='🔄 Rotação Duplas'!D109,IF('🔄 Rotação Duplas'!I109="-",0,'🔄 Rotação Duplas'!I109),0))+IF('⚙️ Configuração'!C33='🔄 Rotação Duplas'!C110,IF('🔄 Rotação Duplas'!H110="-",0,'🔄 Rotação Duplas'!H110),IF('⚙️ Configuração'!C33='🔄 Rotação Duplas'!D110,IF('🔄 Rotação Duplas'!I110="-",0,'🔄 Rotação Duplas'!I110),0))+IF('⚙️ Configuração'!C33='🔄 Rotação Duplas'!C111,IF('🔄 Rotação Duplas'!H111="-",0,'🔄 Rotação Duplas'!H111),IF('⚙️ Configuração'!C33='🔄 Rotação Duplas'!D111,IF('🔄 Rotação Duplas'!I111="-",0,'🔄 Rotação Duplas'!I111),0))+IF('⚙️ Configuração'!C33='🔄 Rotação Duplas'!C112,IF('🔄 Rotação Duplas'!H112="-",0,'🔄 Rotação Duplas'!H112),IF('⚙️ Configuração'!C33='🔄 Rotação Duplas'!D112,IF('🔄 Rotação Duplas'!I112="-",0,'🔄 Rotação Duplas'!I112),0))+IF('⚙️ Configuração'!C33='🔄 Rotação Duplas'!C113,IF('🔄 Rotação Duplas'!H113="-",0,'🔄 Rotação Duplas'!H113),IF('⚙️ Configuração'!C33='🔄 Rotação Duplas'!D113,IF('🔄 Rotação Duplas'!I113="-",0,'🔄 Rotação Duplas'!I113),0))+IF('⚙️ Configuração'!C33='🔄 Rotação Duplas'!C114,IF('🔄 Rotação Duplas'!H114="-",0,'🔄 Rotação Duplas'!H114),IF('⚙️ Configuração'!C33='🔄 Rotação Duplas'!D114,IF('🔄 Rotação Duplas'!I114="-",0,'🔄 Rotação Duplas'!I114),0))+IF('⚙️ Configuração'!C33='🔄 Rotação Duplas'!C115,IF('🔄 Rotação Duplas'!H115="-",0,'🔄 Rotação Duplas'!H115),IF('⚙️ Configuração'!C33='🔄 Rotação Duplas'!D115,IF('🔄 Rotação Duplas'!I115="-",0,'🔄 Rotação Duplas'!I115),0)) -> 0 | K9: =SUM(C9:J9) -> 32 | L9: =SUMIF('📋 Registo Diário'!$D$7:$D$646,'⚙️ Configuração'!C33,'📋 Registo Diário'!$Q$7:$Q$646) -> 40 | M9: =K9+L9 -> 72
B10: ='⚙️ Configuração'!C34 -> João Xavier | C10: =IF('⚙️ Configuração'!C34='🔄 Rotação Duplas'!C8,IF('🔄 Rotação Duplas'!H8="-",0,'🔄 Rotação Duplas'!H8),IF('⚙️ Configuração'!C34='🔄 Rotação Duplas'!D8,IF('🔄 Rotação Duplas'!I8="-",0,'🔄 Rotação Duplas'!I8),0))+IF('⚙️ Configuração'!C34='🔄 Rotação Duplas'!C9,IF('🔄 Rotação Duplas'!H9="-",0,'🔄 Rotação Duplas'!H9),IF('⚙️ Configuração'!C34='🔄 Rotação Duplas'!D9,IF('🔄 Rotação Duplas'!I9="-",0,'🔄 Rotação Duplas'!I9),0))+IF('⚙️ Configuração'!C34='🔄 Rotação Duplas'!C10,IF('🔄 Rotação Duplas'!H10="-",0,'🔄 Rotação Duplas'!H10),IF('⚙️ Configuração'!C34='🔄 Rotação Duplas'!D10,IF('🔄 Rotação Duplas'!I10="-",0,'🔄 Rotação Duplas'!I10),0))+IF('⚙️ Configuração'!C34='🔄 Rotação Duplas'!C11,IF('🔄 Rotação Duplas'!H11="-",0,'🔄 Rotação Duplas'!H11),IF('⚙️ Configuração'!C34='🔄 Rotação Duplas'!D11,IF('🔄 Rotação Duplas'!I11="-",0,'🔄 Rotação Duplas'!I11),0))+IF('⚙️ Configuração'!C34='🔄 Rotação Duplas'!C12,IF('🔄 Rotação Duplas'!H12="-",0,'🔄 Rotação Duplas'!H12),IF('⚙️ Configuração'!C34='🔄 Rotação Duplas'!D12,IF('🔄 Rotação Duplas'!I12="-",0,'🔄 Rotação Duplas'!I12),0))+IF('⚙️ Configuração'!C34='🔄 Rotação Duplas'!C13,IF('🔄 Rotação Duplas'!H13="-",0,'🔄 Rotação Duplas'!H13),IF('⚙️ Configuração'!C34='🔄 Rotação Duplas'!D13,IF('🔄 Rotação Duplas'!I13="-",0,'🔄 Rotação Duplas'!I13),0))+IF('⚙️ Configuração'!C34='🔄 Rotação Duplas'!C14,IF('🔄 Rotação Duplas'!H14="-",0,'🔄 Rotação Duplas'!H14),IF('⚙️ Configuração'!C34='🔄 Rotação Duplas'!D14,IF('🔄 Rotação Duplas'!I14="-",0,'🔄 Rotação Duplas'!I14),0))+IF('⚙️ Configuração'!C34='🔄 Rotação Duplas'!C15,IF('🔄 Rotação Duplas'!H15="-",0,'🔄 Rotação Duplas'!H15),IF('⚙️ Configuração'!C34='🔄 Rotação Duplas'!D15,IF('🔄 Rotação Duplas'!I15="-",0,'🔄 Rotação Duplas'!I15),0))+IF('⚙️ Configuração'!C34='🔄 Rotação Duplas'!C16,IF('🔄 Rotação Duplas'!H16="-",0,'🔄 Rotação Duplas'!H16),IF('⚙️ Configuração'!C34='🔄 Rotação Duplas'!D16,IF('🔄 Rotação Duplas'!I16="-",0,'🔄 Rotação Duplas'!I16),0))+IF('⚙️ Configuração'!C34='🔄 Rotação Duplas'!C17,IF('🔄 Rotação Duplas'!H17="-",0,'🔄 Rotação Duplas'!H17),IF('⚙️ Configuração'!C34='🔄 Rotação Duplas'!D17,IF('🔄 Rotação Duplas'!I17="-",0,'🔄 Rotação Duplas'!I17),0)) -> 68 | D10: =IF('⚙️ Configuração'!C34='🔄 Rotação Duplas'!C22,IF('🔄 Rotação Duplas'!H22="-",0,'🔄 Rotação Duplas'!H22),IF('⚙️ Configuração'!C34='🔄 Rotação Duplas'!D22,IF('🔄 Rotação Duplas'!I22="-",0,'🔄 Rotação Duplas'!I22),0))+IF('⚙️ Configuração'!C34='🔄 Rotação Duplas'!C23,IF('🔄 Rotação Duplas'!H23="-",0,'🔄 Rotação Duplas'!H23),IF('⚙️ Configuração'!C34='🔄 Rotação Duplas'!D23,IF('🔄 Rotação Duplas'!I23="-",0,'🔄 Rotação Duplas'!I23),0))+IF('⚙️ Configuração'!C34='🔄 Rotação Duplas'!C24,IF('🔄 Rotação Duplas'!H24="-",0,'🔄 Rotação Duplas'!H24),IF('⚙️ Configuração'!C34='🔄 Rotação Duplas'!D24,IF('🔄 Rotação Duplas'!I24="-",0,'🔄 Rotação Duplas'!I24),0))+IF('⚙️ Configuração'!C34='🔄 Rotação Duplas'!C25,IF('🔄 Rotação Duplas'!H25="-",0,'🔄 Rotação Duplas'!H25),IF('⚙️ Configuração'!C34='🔄 Rotação Duplas'!D25,IF('🔄 Rotação Duplas'!I25="-",0,'🔄 Rotação Duplas'!I25),0))+IF('⚙️ Configuração'!C34='🔄 Rotação Duplas'!C26,IF('🔄 Rotação Duplas'!H26="-",0,'🔄 Rotação Duplas'!H26),IF('⚙️ Configuração'!C34='🔄 Rotação Duplas'!D26,IF('🔄 Rotação Duplas'!I26="-",0,'🔄 Rotação Duplas'!I26),0))+IF('⚙️ Configuração'!C34='🔄 Rotação Duplas'!C27,IF('🔄 Rotação Duplas'!H27="-",0,'🔄 Rotação Duplas'!H27),IF('⚙️ Configuração'!C34='🔄 Rotação Duplas'!D27,IF('🔄 Rotação Duplas'!I27="-",0,'🔄 Rotação Duplas'!I27),0))+IF('⚙️ Configuração'!C34='🔄 Rotação Duplas'!C28,IF('🔄 Rotação Duplas'!H28="-",0,'🔄 Rotação Duplas'!H28),IF('⚙️ Configuração'!C34='🔄 Rotação Duplas'!D28,IF('🔄 Rotação Duplas'!I28="-",0,'🔄 Rotação Duplas'!I28),0))+IF('⚙️ Configuração'!C34='🔄 Rotação Duplas'!C29,IF('🔄 Rotação Duplas'!H29="-",0,'🔄 Rotação Duplas'!H29),IF('⚙️ Configuração'!C34='🔄 Rotação Duplas'!D29,IF('🔄 Rotação Duplas'!I29="-",0,'🔄 Rotação Duplas'!I29),0))+IF('⚙️ Configuração'!C34='🔄 Rotação Duplas'!C30,IF('🔄 Rotação Duplas'!H30="-",0,'🔄 Rotação Duplas'!H30),IF('⚙️ Configuração'!C34='🔄 Rotação Duplas'!D30,IF('🔄 Rotação Duplas'!I30="-",0,'🔄 Rotação Duplas'!I30),0))+IF('⚙️ Configuração'!C34='🔄 Rotação Duplas'!C31,IF('🔄 Rotação Duplas'!H31="-",0,'🔄 Rotação Duplas'!H31),IF('⚙️ Configuração'!C34='🔄 Rotação Duplas'!D31,IF('🔄 Rotação Duplas'!I31="-",0,'🔄 Rotação Duplas'!I31),0)) -> 0 | E10: =IF('⚙️ Configuração'!C34='🔄 Rotação Duplas'!C36,IF('🔄 Rotação Duplas'!H36="-",0,'🔄 Rotação Duplas'!H36),IF('⚙️ Configuração'!C34='🔄 Rotação Duplas'!D36,IF('🔄 Rotação Duplas'!I36="-",0,'🔄 Rotação Duplas'!I36),0))+IF('⚙️ Configuração'!C34='🔄 Rotação Duplas'!C37,IF('🔄 Rotação Duplas'!H37="-",0,'🔄 Rotação Duplas'!H37),IF('⚙️ Configuração'!C34='🔄 Rotação Duplas'!D37,IF('🔄 Rotação Duplas'!I37="-",0,'🔄 Rotação Duplas'!I37),0))+IF('⚙️ Configuração'!C34='🔄 Rotação Duplas'!C38,IF('🔄 Rotação Duplas'!H38="-",0,'🔄 Rotação Duplas'!H38),IF('⚙️ Configuração'!C34='🔄 Rotação Duplas'!D38,IF('🔄 Rotação Duplas'!I38="-",0,'🔄 Rotação Duplas'!I38),0))+IF('⚙️ Configuração'!C34='🔄 Rotação Duplas'!C39,IF('🔄 Rotação Duplas'!H39="-",0,'🔄 Rotação Duplas'!H39),IF('⚙️ Configuração'!C34='🔄 Rotação Duplas'!D39,IF('🔄 Rotação Duplas'!I39="-",0,'🔄 Rotação Duplas'!I39),0))+IF('⚙️ Configuração'!C34='🔄 Rotação Duplas'!C40,IF('🔄 Rotação Duplas'!H40="-",0,'🔄 Rotação Duplas'!H40),IF('⚙️ Configuração'!C34='🔄 Rotação Duplas'!D40,IF('🔄 Rotação Duplas'!I40="-",0,'🔄 Rotação Duplas'!I40),0))+IF('⚙️ Configuração'!C34='🔄 Rotação Duplas'!C41,IF('🔄 Rotação Duplas'!H41="-",0,'🔄 Rotação Duplas'!H41),IF('⚙️ Configuração'!C34='🔄 Rotação Duplas'!D41,IF('🔄 Rotação Duplas'!I41="-",0,'🔄 Rotação Duplas'!I41),0))+IF('⚙️ Configuração'!C34='🔄 Rotação Duplas'!C42,IF('🔄 Rotação Duplas'!H42="-",0,'🔄 Rotação Duplas'!H42),IF('⚙️ Configuração'!C34='🔄 Rotação Duplas'!D42,IF('🔄 Rotação Duplas'!I42="-",0,'🔄 Rotação Duplas'!I42),0))+IF('⚙️ Configuração'!C34='🔄 Rotação Duplas'!C43,IF('🔄 Rotação Duplas'!H43="-",0,'🔄 Rotação Duplas'!H43),IF('⚙️ Configuração'!C34='🔄 Rotação Duplas'!D43,IF('🔄 Rotação Duplas'!I43="-",0,'🔄 Rotação Duplas'!I43),0))+IF('⚙️ Configuração'!C34='🔄 Rotação Duplas'!C44,IF('🔄 Rotação Duplas'!H44="-",0,'🔄 Rotação Duplas'!H44),IF('⚙️ Configuração'!C34='🔄 Rotação Duplas'!D44,IF('🔄 Rotação Duplas'!I44="-",0,'🔄 Rotação Duplas'!I44),0))+IF('⚙️ Configuração'!C34='🔄 Rotação Duplas'!C45,IF('🔄 Rotação Duplas'!H45="-",0,'🔄 Rotação Duplas'!H45),IF('⚙️ Configuração'!C34='🔄 Rotação Duplas'!D45,IF('🔄 Rotação Duplas'!I45="-",0,'🔄 Rotação Duplas'!I45),0)) -> 0 | F10: =IF('⚙️ Configuração'!C34='🔄 Rotação Duplas'!C50,IF('🔄 Rotação Duplas'!H50="-",0,'🔄 Rotação Duplas'!H50),IF('⚙️ Configuração'!C34='🔄 Rotação Duplas'!D50,IF('🔄 Rotação Duplas'!I50="-",0,'🔄 Rotação Duplas'!I50),0))+IF('⚙️ Configuração'!C34='🔄 Rotação Duplas'!C51,IF('🔄 Rotação Duplas'!H51="-",0,'🔄 Rotação Duplas'!H51),IF('⚙️ Configuração'!C34='🔄 Rotação Duplas'!D51,IF('🔄 Rotação Duplas'!I51="-",0,'🔄 Rotação Duplas'!I51),0))+IF('⚙️ Configuração'!C34='🔄 Rotação Duplas'!C52,IF('🔄 Rotação Duplas'!H52="-",0,'🔄 Rotação Duplas'!H52),IF('⚙️ Configuração'!C34='🔄 Rotação Duplas'!D52,IF('🔄 Rotação Duplas'!I52="-",0,'🔄 Rotação Duplas'!I52),0))+IF('⚙️ Configuração'!C34='🔄 Rotação Duplas'!C53,IF('🔄 Rotação Duplas'!H53="-",0,'🔄 Rotação Duplas'!H53),IF('⚙️ Configuração'!C34='🔄 Rotação Duplas'!D53,IF('🔄 Rotação Duplas'!I53="-",0,'🔄 Rotação Duplas'!I53),0))+IF('⚙️ Configuração'!C34='🔄 Rotação Duplas'!C54,IF('🔄 Rotação Duplas'!H54="-",0,'🔄 Rotação Duplas'!H54),IF('⚙️ Configuração'!C34='🔄 Rotação Duplas'!D54,IF('🔄 Rotação Duplas'!I54="-",0,'🔄 Rotação Duplas'!I54),0))+IF('⚙️ Configuração'!C34='🔄 Rotação Duplas'!C55,IF('🔄 Rotação Duplas'!H55="-",0,'🔄 Rotação Duplas'!H55),IF('⚙️ Configuração'!C34='🔄 Rotação Duplas'!D55,IF('🔄 Rotação Duplas'!I55="-",0,'🔄 Rotação Duplas'!I55),0))+IF('⚙️ Configuração'!C34='🔄 Rotação Duplas'!C56,IF('🔄 Rotação Duplas'!H56="-",0,'🔄 Rotação Duplas'!H56),IF('⚙️ Configuração'!C34='🔄 Rotação Duplas'!D56,IF('🔄 Rotação Duplas'!I56="-",0,'🔄 Rotação Duplas'!I56),0))+IF('⚙️ Configuração'!C34='🔄 Rotação Duplas'!C57,IF('🔄 Rotação Duplas'!H57="-",0,'🔄 Rotação Duplas'!H57),IF('⚙️ Configuração'!C34='🔄 Rotação Duplas'!D57,IF('🔄 Rotação Duplas'!I57="-",0,'🔄 Rotação Duplas'!I57),0))+IF('⚙️ Configuração'!C34='🔄 Rotação Duplas'!C58,IF('🔄 Rotação Duplas'!H58="-",0,'🔄 Rotação Duplas'!H58),IF('⚙️ Configuração'!C34='🔄 Rotação Duplas'!D58,IF('🔄 Rotação Duplas'!I58="-",0,'🔄 Rotação Duplas'!I58),0))+IF('⚙️ Configuração'!C34='🔄 Rotação Duplas'!C59,IF('🔄 Rotação Duplas'!H59="-",0,'🔄 Rotação Duplas'!H59),IF('⚙️ Configuração'!C34='🔄 Rotação Duplas'!D59,IF('🔄 Rotação Duplas'!I59="-",0,'🔄 Rotação Duplas'!I59),0)) -> 0 | G10: =IF('⚙️ Configuração'!C34='🔄 Rotação Duplas'!C64,IF('🔄 Rotação Duplas'!H64="-",0,'🔄 Rotação Duplas'!H64),IF('⚙️ Configuração'!C34='🔄 Rotação Duplas'!D64,IF('🔄 Rotação Duplas'!I64="-",0,'🔄 Rotação Duplas'!I64),0))+IF('⚙️ Configuração'!C34='🔄 Rotação Duplas'!C65,IF('🔄 Rotação Duplas'!H65="-",0,'🔄 Rotação Duplas'!H65),IF('⚙️ Configuração'!C34='🔄 Rotação Duplas'!D65,IF('🔄 Rotação Duplas'!I65="-",0,'🔄 Rotação Duplas'!I65),0))+IF('⚙️ Configuração'!C34='🔄 Rotação Duplas'!C66,IF('🔄 Rotação Duplas'!H66="-",0,'🔄 Rotação Duplas'!H66),IF('⚙️ Configuração'!C34='🔄 Rotação Duplas'!D66,IF('🔄 Rotação Duplas'!I66="-",0,'🔄 Rotação Duplas'!I66),0))+IF('⚙️ Configuração'!C34='🔄 Rotação Duplas'!C67,IF('🔄 Rotação Duplas'!H67="-",0,'🔄 Rotação Duplas'!H67),IF('⚙️ Configuração'!C34='🔄 Rotação Duplas'!D67,IF('🔄 Rotação Duplas'!I67="-",0,'🔄 Rotação Duplas'!I67),0))+IF('⚙️ Configuração'!C34='🔄 Rotação Duplas'!C68,IF('🔄 Rotação Duplas'!H68="-",0,'🔄 Rotação Duplas'!H68),IF('⚙️ Configuração'!C34='🔄 Rotação Duplas'!D68,IF('🔄 Rotação Duplas'!I68="-",0,'🔄 Rotação Duplas'!I68),0))+IF('⚙️ Configuração'!C34='🔄 Rotação Duplas'!C69,IF('🔄 Rotação Duplas'!H69="-",0,'🔄 Rotação Duplas'!H69),IF('⚙️ Configuração'!C34='🔄 Rotação Duplas'!D69,IF('🔄 Rotação Duplas'!I69="-",0,'🔄 Rotação Duplas'!I69),0))+IF('⚙️ Configuração'!C34='🔄 Rotação Duplas'!C70,IF('🔄 Rotação Duplas'!H70="-",0,'🔄 Rotação Duplas'!H70),IF('⚙️ Configuração'!C34='🔄 Rotação Duplas'!D70,IF('🔄 Rotação Duplas'!I70="-",0,'🔄 Rotação Duplas'!I70),0))+IF('⚙️ Configuração'!C34='🔄 Rotação Duplas'!C71,IF('🔄 Rotação Duplas'!H71="-",0,'🔄 Rotação Duplas'!H71),IF('⚙️ Configuração'!C34='🔄 Rotação Duplas'!D71,IF('🔄 Rotação Duplas'!I71="-",0,'🔄 Rotação Duplas'!I71),0))+IF('⚙️ Configuração'!C34='🔄 Rotação Duplas'!C72,IF('🔄 Rotação Duplas'!H72="-",0,'🔄 Rotação Duplas'!H72),IF('⚙️ Configuração'!C34='🔄 Rotação Duplas'!D72,IF('🔄 Rotação Duplas'!I72="-",0,'🔄 Rotação Duplas'!I72),0))+IF('⚙️ Configuração'!C34='🔄 Rotação Duplas'!C73,IF('🔄 Rotação Duplas'!H73="-",0,'🔄 Rotação Duplas'!H73),IF('⚙️ Configuração'!C34='🔄 Rotação Duplas'!D73,IF('🔄 Rotação Duplas'!I73="-",0,'🔄 Rotação Duplas'!I73),0)) -> 0 | H10: =IF('⚙️ Configuração'!C34='🔄 Rotação Duplas'!C78,IF('🔄 Rotação Duplas'!H78="-",0,'🔄 Rotação Duplas'!H78),IF('⚙️ Configuração'!C34='🔄 Rotação Duplas'!D78,IF('🔄 Rotação Duplas'!I78="-",0,'🔄 Rotação Duplas'!I78),0))+IF('⚙️ Configuração'!C34='🔄 Rotação Duplas'!C79,IF('🔄 Rotação Duplas'!H79="-",0,'🔄 Rotação Duplas'!H79),IF('⚙️ Configuração'!C34='🔄 Rotação Duplas'!D79,IF('🔄 Rotação Duplas'!I79="-",0,'🔄 Rotação Duplas'!I79),0))+IF('⚙️ Configuração'!C34='🔄 Rotação Duplas'!C80,IF('🔄 Rotação Duplas'!H80="-",0,'🔄 Rotação Duplas'!H80),IF('⚙️ Configuração'!C34='🔄 Rotação Duplas'!D80,IF('🔄 Rotação Duplas'!I80="-",0,'🔄 Rotação Duplas'!I80),0))+IF('⚙️ Configuração'!C34='🔄 Rotação Duplas'!C81,IF('🔄 Rotação Duplas'!H81="-",0,'🔄 Rotação Duplas'!H81),IF('⚙️ Configuração'!C34='🔄 Rotação Duplas'!D81,IF('🔄 Rotação Duplas'!I81="-",0,'🔄 Rotação Duplas'!I81),0))+IF('⚙️ Configuração'!C34='🔄 Rotação Duplas'!C82,IF('🔄 Rotação Duplas'!H82="-",0,'🔄 Rotação Duplas'!H82),IF('⚙️ Configuração'!C34='🔄 Rotação Duplas'!D82,IF('🔄 Rotação Duplas'!I82="-",0,'🔄 Rotação Duplas'!I82),0))+IF('⚙️ Configuração'!C34='🔄 Rotação Duplas'!C83,IF('🔄 Rotação Duplas'!H83="-",0,'🔄 Rotação Duplas'!H83),IF('⚙️ Configuração'!C34='🔄 Rotação Duplas'!D83,IF('🔄 Rotação Duplas'!I83="-",0,'🔄 Rotação Duplas'!I83),0))+IF('⚙️ Configuração'!C34='🔄 Rotação Duplas'!C84,IF('🔄 Rotação Duplas'!H84="-",0,'🔄 Rotação Duplas'!H84),IF('⚙️ Configuração'!C34='🔄 Rotação Duplas'!D84,IF('🔄 Rotação Duplas'!I84="-",0,'🔄 Rotação Duplas'!I84),0))+IF('⚙️ Configuração'!C34='🔄 Rotação Duplas'!C85,IF('🔄 Rotação Duplas'!H85="-",0,'🔄 Rotação Duplas'!H85),IF('⚙️ Configuração'!C34='🔄 Rotação Duplas'!D85,IF('🔄 Rotação Duplas'!I85="-",0,'🔄 Rotação Duplas'!I85),0))+IF('⚙️ Configuração'!C34='🔄 Rotação Duplas'!C86,IF('🔄 Rotação Duplas'!H86="-",0,'🔄 Rotação Duplas'!H86),IF('⚙️ Configuração'!C34='🔄 Rotação Duplas'!D86,IF('🔄 Rotação Duplas'!I86="-",0,'🔄 Rotação Duplas'!I86),0))+IF('⚙️ Configuração'!C34='🔄 Rotação Duplas'!C87,IF('🔄 Rotação Duplas'!H87="-",0,'🔄 Rotação Duplas'!H87),IF('⚙️ Configuração'!C34='🔄 Rotação Duplas'!D87,IF('🔄 Rotação Duplas'!I87="-",0,'🔄 Rotação Duplas'!I87),0)) -> 0 | I10: =IF('⚙️ Configuração'!C34='🔄 Rotação Duplas'!C92,IF('🔄 Rotação Duplas'!H92="-",0,'🔄 Rotação Duplas'!H92),IF('⚙️ Configuração'!C34='🔄 Rotação Duplas'!D92,IF('🔄 Rotação Duplas'!I92="-",0,'🔄 Rotação Duplas'!I92),0))+IF('⚙️ Configuração'!C34='🔄 Rotação Duplas'!C93,IF('🔄 Rotação Duplas'!H93="-",0,'🔄 Rotação Duplas'!H93),IF('⚙️ Configuração'!C34='🔄 Rotação Duplas'!D93,IF('🔄 Rotação Duplas'!I93="-",0,'🔄 Rotação Duplas'!I93),0))+IF('⚙️ Configuração'!C34='🔄 Rotação Duplas'!C94,IF('🔄 Rotação Duplas'!H94="-",0,'🔄 Rotação Duplas'!H94),IF('⚙️ Configuração'!C34='🔄 Rotação Duplas'!D94,IF('🔄 Rotação Duplas'!I94="-",0,'🔄 Rotação Duplas'!I94),0))+IF('⚙️ Configuração'!C34='🔄 Rotação Duplas'!C95,IF('🔄 Rotação Duplas'!H95="-",0,'🔄 Rotação Duplas'!H95),IF('⚙️ Configuração'!C34='🔄 Rotação Duplas'!D95,IF('🔄 Rotação Duplas'!I95="-",0,'🔄 Rotação Duplas'!I95),0))+IF('⚙️ Configuração'!C34='🔄 Rotação Duplas'!C96,IF('🔄 Rotação Duplas'!H96="-",0,'🔄 Rotação Duplas'!H96),IF('⚙️ Configuração'!C34='🔄 Rotação Duplas'!D96,IF('🔄 Rotação Duplas'!I96="-",0,'🔄 Rotação Duplas'!I96),0))+IF('⚙️ Configuração'!C34='🔄 Rotação Duplas'!C97,IF('🔄 Rotação Duplas'!H97="-",0,'🔄 Rotação Duplas'!H97),IF('⚙️ Configuração'!C34='🔄 Rotação Duplas'!D97,IF('🔄 Rotação Duplas'!I97="-",0,'🔄 Rotação Duplas'!I97),0))+IF('⚙️ Configuração'!C34='🔄 Rotação Duplas'!C98,IF('🔄 Rotação Duplas'!H98="-",0,'🔄 Rotação Duplas'!H98),IF('⚙️ Configuração'!C34='🔄 Rotação Duplas'!D98,IF('🔄 Rotação Duplas'!I98="-",0,'🔄 Rotação Duplas'!I98),0))+IF('⚙️ Configuração'!C34='🔄 Rotação Duplas'!C99,IF('🔄 Rotação Duplas'!H99="-",0,'🔄 Rotação Duplas'!H99),IF('⚙️ Configuração'!C34='🔄 Rotação Duplas'!D99,IF('🔄 Rotação Duplas'!I99="-",0,'🔄 Rotação Duplas'!I99),0))+IF('⚙️ Configuração'!C34='🔄 Rotação Duplas'!C100,IF('🔄 Rotação Duplas'!H100="-",0,'🔄 Rotação Duplas'!H100),IF('⚙️ Configuração'!C34='🔄 Rotação Duplas'!D100,IF('🔄 Rotação Duplas'!I100="-",0,'🔄 Rotação Duplas'!I100),0))+IF('⚙️ Configuração'!C34='🔄 Rotação Duplas'!C101,IF('🔄 Rotação Duplas'!H101="-",0,'🔄 Rotação Duplas'!H101),IF('⚙️ Configuração'!C34='🔄 Rotação Duplas'!D101,IF('🔄 Rotação Duplas'!I101="-",0,'🔄 Rotação Duplas'!I101),0)) -> 0 | J10: =IF('⚙️ Configuração'!C34='🔄 Rotação Duplas'!C106,IF('🔄 Rotação Duplas'!H106="-",0,'🔄 Rotação Duplas'!H106),IF('⚙️ Configuração'!C34='🔄 Rotação Duplas'!D106,IF('🔄 Rotação Duplas'!I106="-",0,'🔄 Rotação Duplas'!I106),0))+IF('⚙️ Configuração'!C34='🔄 Rotação Duplas'!C107,IF('🔄 Rotação Duplas'!H107="-",0,'🔄 Rotação Duplas'!H107),IF('⚙️ Configuração'!C34='🔄 Rotação Duplas'!D107,IF('🔄 Rotação Duplas'!I107="-",0,'🔄 Rotação Duplas'!I107),0))+IF('⚙️ Configuração'!C34='🔄 Rotação Duplas'!C108,IF('🔄 Rotação Duplas'!H108="-",0,'🔄 Rotação Duplas'!H108),IF('⚙️ Configuração'!C34='🔄 Rotação Duplas'!D108,IF('🔄 Rotação Duplas'!I108="-",0,'🔄 Rotação Duplas'!I108),0))+IF('⚙️ Configuração'!C34='🔄 Rotação Duplas'!C109,IF('🔄 Rotação Duplas'!H109="-",0,'🔄 Rotação Duplas'!H109),IF('⚙️ Configuração'!C34='🔄 Rotação Duplas'!D109,IF('🔄 Rotação Duplas'!I109="-",0,'🔄 Rotação Duplas'!I109),0))+IF('⚙️ Configuração'!C34='🔄 Rotação Duplas'!C110,IF('🔄 Rotação Duplas'!H110="-",0,'🔄 Rotação Duplas'!H110),IF('⚙️ Configuração'!C34='🔄 Rotação Duplas'!D110,IF('🔄 Rotação Duplas'!I110="-",0,'🔄 Rotação Duplas'!I110),0))+IF('⚙️ Configuração'!C34='🔄 Rotação Duplas'!C111,IF('🔄 Rotação Duplas'!H111="-",0,'🔄 Rotação Duplas'!H111),IF('⚙️ Configuração'!C34='🔄 Rotação Duplas'!D111,IF('🔄 Rotação Duplas'!I111="-",0,'🔄 Rotação Duplas'!I111),0))+IF('⚙️ Configuração'!C34='🔄 Rotação Duplas'!C112,IF('🔄 Rotação Duplas'!H112="-",0,'🔄 Rotação Duplas'!H112),IF('⚙️ Configuração'!C34='🔄 Rotação Duplas'!D112,IF('🔄 Rotação Duplas'!I112="-",0,'🔄 Rotação Duplas'!I112),0))+IF('⚙️ Configuração'!C34='🔄 Rotação Duplas'!C113,IF('🔄 Rotação Duplas'!H113="-",0,'🔄 Rotação Duplas'!H113),IF('⚙️ Configuração'!C34='🔄 Rotação Duplas'!D113,IF('🔄 Rotação Duplas'!I113="-",0,'🔄 Rotação Duplas'!I113),0))+IF('⚙️ Configuração'!C34='🔄 Rotação Duplas'!C114,IF('🔄 Rotação Duplas'!H114="-",0,'🔄 Rotação Duplas'!H114),IF('⚙️ Configuração'!C34='🔄 Rotação Duplas'!D114,IF('🔄 Rotação Duplas'!I114="-",0,'🔄 Rotação Duplas'!I114),0))+IF('⚙️ Configuração'!C34='🔄 Rotação Duplas'!C115,IF('🔄 Rotação Duplas'!H115="-",0,'🔄 Rotação Duplas'!H115),IF('⚙️ Configuração'!C34='🔄 Rotação Duplas'!D115,IF('🔄 Rotação Duplas'!I115="-",0,'🔄 Rotação Duplas'!I115),0)) -> 0 | K10: =SUM(C10:J10) -> 68 | L10: =SUMIF('📋 Registo Diário'!$D$7:$D$646,'⚙️ Configuração'!C34,'📋 Registo Diário'!$Q$7:$Q$646) -> 83 | M10: =K10+L10 -> 151
B11: ='⚙️ Configuração'!C35 -> Tomás Carlos | C11: =IF('⚙️ Configuração'!C35='🔄 Rotação Duplas'!C8,IF('🔄 Rotação Duplas'!H8="-",0,'🔄 Rotação Duplas'!H8),IF('⚙️ Configuração'!C35='🔄 Rotação Duplas'!D8,IF('🔄 Rotação Duplas'!I8="-",0,'🔄 Rotação Duplas'!I8),0))+IF('⚙️ Configuração'!C35='🔄 Rotação Duplas'!C9,IF('🔄 Rotação Duplas'!H9="-",0,'🔄 Rotação Duplas'!H9),IF('⚙️ Configuração'!C35='🔄 Rotação Duplas'!D9,IF('🔄 Rotação Duplas'!I9="-",0,'🔄 Rotação Duplas'!I9),0))+IF('⚙️ Configuração'!C35='🔄 Rotação Duplas'!C10,IF('🔄 Rotação Duplas'!H10="-",0,'🔄 Rotação Duplas'!H10),IF('⚙️ Configuração'!C35='🔄 Rotação Duplas'!D10,IF('🔄 Rotação Duplas'!I10="-",0,'🔄 Rotação Duplas'!I10),0))+IF('⚙️ Configuração'!C35='🔄 Rotação Duplas'!C11,IF('🔄 Rotação Duplas'!H11="-",0,'🔄 Rotação Duplas'!H11),IF('⚙️ Configuração'!C35='🔄 Rotação Duplas'!D11,IF('🔄 Rotação Duplas'!I11="-",0,'🔄 Rotação Duplas'!I11),0))+IF('⚙️ Configuração'!C35='🔄 Rotação Duplas'!C12,IF('🔄 Rotação Duplas'!H12="-",0,'🔄 Rotação Duplas'!H12),IF('⚙️ Configuração'!C35='🔄 Rotação Duplas'!D12,IF('🔄 Rotação Duplas'!I12="-",0,'🔄 Rotação Duplas'!I12),0))+IF('⚙️ Configuração'!C35='🔄 Rotação Duplas'!C13,IF('🔄 Rotação Duplas'!H13="-",0,'🔄 Rotação Duplas'!H13),IF('⚙️ Configuração'!C35='🔄 Rotação Duplas'!D13,IF('🔄 Rotação Duplas'!I13="-",0,'🔄 Rotação Duplas'!I13),0))+IF('⚙️ Configuração'!C35='🔄 Rotação Duplas'!C14,IF('🔄 Rotação Duplas'!H14="-",0,'🔄 Rotação Duplas'!H14),IF('⚙️ Configuração'!C35='🔄 Rotação Duplas'!D14,IF('🔄 Rotação Duplas'!I14="-",0,'🔄 Rotação Duplas'!I14),0))+IF('⚙️ Configuração'!C35='🔄 Rotação Duplas'!C15,IF('🔄 Rotação Duplas'!H15="-",0,'🔄 Rotação Duplas'!H15),IF('⚙️ Configuração'!C35='🔄 Rotação Duplas'!D15,IF('🔄 Rotação Duplas'!I15="-",0,'🔄 Rotação Duplas'!I15),0))+IF('⚙️ Configuração'!C35='🔄 Rotação Duplas'!C16,IF('🔄 Rotação Duplas'!H16="-",0,'🔄 Rotação Duplas'!H16),IF('⚙️ Configuração'!C35='🔄 Rotação Duplas'!D16,IF('🔄 Rotação Duplas'!I16="-",0,'🔄 Rotação Duplas'!I16),0))+IF('⚙️ Configuração'!C35='🔄 Rotação Duplas'!C17,IF('🔄 Rotação Duplas'!H17="-",0,'🔄 Rotação Duplas'!H17),IF('⚙️ Configuração'!C35='🔄 Rotação Duplas'!D17,IF('🔄 Rotação Duplas'!I17="-",0,'🔄 Rotação Duplas'!I17),0)) -> 46 | D11: =IF('⚙️ Configuração'!C35='🔄 Rotação Duplas'!C22,IF('🔄 Rotação Duplas'!H22="-",0,'🔄 Rotação Duplas'!H22),IF('⚙️ Configuração'!C35='🔄 Rotação Duplas'!D22,IF('🔄 Rotação Duplas'!I22="-",0,'🔄 Rotação Duplas'!I22),0))+IF('⚙️ Configuração'!C35='🔄 Rotação Duplas'!C23,IF('🔄 Rotação Duplas'!H23="-",0,'🔄 Rotação Duplas'!H23),IF('⚙️ Configuração'!C35='🔄 Rotação Duplas'!D23,IF('🔄 Rotação Duplas'!I23="-",0,'🔄 Rotação Duplas'!I23),0))+IF('⚙️ Configuração'!C35='🔄 Rotação Duplas'!C24,IF('🔄 Rotação Duplas'!H24="-",0,'🔄 Rotação Duplas'!H24),IF('⚙️ Configuração'!C35='🔄 Rotação Duplas'!D24,IF('🔄 Rotação Duplas'!I24="-",0,'🔄 Rotação Duplas'!I24),0))+IF('⚙️ Configuração'!C35='🔄 Rotação Duplas'!C25,IF('🔄 Rotação Duplas'!H25="-",0,'🔄 Rotação Duplas'!H25),IF('⚙️ Configuração'!C35='🔄 Rotação Duplas'!D25,IF('🔄 Rotação Duplas'!I25="-",0,'🔄 Rotação Duplas'!I25),0))+IF('⚙️ Configuração'!C35='🔄 Rotação Duplas'!C26,IF('🔄 Rotação Duplas'!H26="-",0,'🔄 Rotação Duplas'!H26),IF('⚙️ Configuração'!C35='🔄 Rotação Duplas'!D26,IF('🔄 Rotação Duplas'!I26="-",0,'🔄 Rotação Duplas'!I26),0))+IF('⚙️ Configuração'!C35='🔄 Rotação Duplas'!C27,IF('🔄 Rotação Duplas'!H27="-",0,'🔄 Rotação Duplas'!H27),IF('⚙️ Configuração'!C35='🔄 Rotação Duplas'!D27,IF('🔄 Rotação Duplas'!I27="-",0,'🔄 Rotação Duplas'!I27),0))+IF('⚙️ Configuração'!C35='🔄 Rotação Duplas'!C28,IF('🔄 Rotação Duplas'!H28="-",0,'🔄 Rotação Duplas'!H28),IF('⚙️ Configuração'!C35='🔄 Rotação Duplas'!D28,IF('🔄 Rotação Duplas'!I28="-",0,'🔄 Rotação Duplas'!I28),0))+IF('⚙️ Configuração'!C35='🔄 Rotação Duplas'!C29,IF('🔄 Rotação Duplas'!H29="-",0,'🔄 Rotação Duplas'!H29),IF('⚙️ Configuração'!C35='🔄 Rotação Duplas'!D29,IF('🔄 Rotação Duplas'!I29="-",0,'🔄 Rotação Duplas'!I29),0))+IF('⚙️ Configuração'!C35='🔄 Rotação Duplas'!C30,IF('🔄 Rotação Duplas'!H30="-",0,'🔄 Rotação Duplas'!H30),IF('⚙️ Configuração'!C35='🔄 Rotação Duplas'!D30,IF('🔄 Rotação Duplas'!I30="-",0,'🔄 Rotação Duplas'!I30),0))+IF('⚙️ Configuração'!C35='🔄 Rotação Duplas'!C31,IF('🔄 Rotação Duplas'!H31="-",0,'🔄 Rotação Duplas'!H31),IF('⚙️ Configuração'!C35='🔄 Rotação Duplas'!D31,IF('🔄 Rotação Duplas'!I31="-",0,'🔄 Rotação Duplas'!I31),0)) -> 0 | E11: =IF('⚙️ Configuração'!C35='🔄 Rotação Duplas'!C36,IF('🔄 Rotação Duplas'!H36="-",0,'🔄 Rotação Duplas'!H36),IF('⚙️ Configuração'!C35='🔄 Rotação Duplas'!D36,IF('🔄 Rotação Duplas'!I36="-",0,'🔄 Rotação Duplas'!I36),0))+IF('⚙️ Configuração'!C35='🔄 Rotação Duplas'!C37,IF('🔄 Rotação Duplas'!H37="-",0,'🔄 Rotação Duplas'!H37),IF('⚙️ Configuração'!C35='🔄 Rotação Duplas'!D37,IF('🔄 Rotação Duplas'!I37="-",0,'🔄 Rotação Duplas'!I37),0))+IF('⚙️ Configuração'!C35='🔄 Rotação Duplas'!C38,IF('🔄 Rotação Duplas'!H38="-",0,'🔄 Rotação Duplas'!H38),IF('⚙️ Configuração'!C35='🔄 Rotação Duplas'!D38,IF('🔄 Rotação Duplas'!I38="-",0,'🔄 Rotação Duplas'!I38),0))+IF('⚙️ Configuração'!C35='🔄 Rotação Duplas'!C39,IF('🔄 Rotação Duplas'!H39="-",0,'🔄 Rotação Duplas'!H39),IF('⚙️ Configuração'!C35='🔄 Rotação Duplas'!D39,IF('🔄 Rotação Duplas'!I39="-",0,'🔄 Rotação Duplas'!I39),0))+IF('⚙️ Configuração'!C35='🔄 Rotação Duplas'!C40,IF('🔄 Rotação Duplas'!H40="-",0,'🔄 Rotação Duplas'!H40),IF('⚙️ Configuração'!C35='🔄 Rotação Duplas'!D40,IF('🔄 Rotação Duplas'!I40="-",0,'🔄 Rotação Duplas'!I40),0))+IF('⚙️ Configuração'!C35='🔄 Rotação Duplas'!C41,IF('🔄 Rotação Duplas'!H41="-",0,'🔄 Rotação Duplas'!H41),IF('⚙️ Configuração'!C35='🔄 Rotação Duplas'!D41,IF('🔄 Rotação Duplas'!I41="-",0,'🔄 Rotação Duplas'!I41),0))+IF('⚙️ Configuração'!C35='🔄 Rotação Duplas'!C42,IF('🔄 Rotação Duplas'!H42="-",0,'🔄 Rotação Duplas'!H42),IF('⚙️ Configuração'!C35='🔄 Rotação Duplas'!D42,IF('🔄 Rotação Duplas'!I42="-",0,'🔄 Rotação Duplas'!I42),0))+IF('⚙️ Configuração'!C35='🔄 Rotação Duplas'!C43,IF('🔄 Rotação Duplas'!H43="-",0,'🔄 Rotação Duplas'!H43),IF('⚙️ Configuração'!C35='🔄 Rotação Duplas'!D43,IF('🔄 Rotação Duplas'!I43="-",0,'🔄 Rotação Duplas'!I43),0))+IF('⚙️ Configuração'!C35='🔄 Rotação Duplas'!C44,IF('🔄 Rotação Duplas'!H44="-",0,'🔄 Rotação Duplas'!H44),IF('⚙️ Configuração'!C35='🔄 Rotação Duplas'!D44,IF('🔄 Rotação Duplas'!I44="-",0,'🔄 Rotação Duplas'!I44),0))+IF('⚙️ Configuração'!C35='🔄 Rotação Duplas'!C45,IF('🔄 Rotação Duplas'!H45="-",0,'🔄 Rotação Duplas'!H45),IF('⚙️ Configuração'!C35='🔄 Rotação Duplas'!D45,IF('🔄 Rotação Duplas'!I45="-",0,'🔄 Rotação Duplas'!I45),0)) -> 0 | F11: =IF('⚙️ Configuração'!C35='🔄 Rotação Duplas'!C50,IF('🔄 Rotação Duplas'!H50="-",0,'🔄 Rotação Duplas'!H50),IF('⚙️ Configuração'!C35='🔄 Rotação Duplas'!D50,IF('🔄 Rotação Duplas'!I50="-",0,'🔄 Rotação Duplas'!I50),0))+IF('⚙️ Configuração'!C35='🔄 Rotação Duplas'!C51,IF('🔄 Rotação Duplas'!H51="-",0,'🔄 Rotação Duplas'!H51),IF('⚙️ Configuração'!C35='🔄 Rotação Duplas'!D51,IF('🔄 Rotação Duplas'!I51="-",0,'🔄 Rotação Duplas'!I51),0))+IF('⚙️ Configuração'!C35='🔄 Rotação Duplas'!C52,IF('🔄 Rotação Duplas'!H52="-",0,'🔄 Rotação Duplas'!H52),IF('⚙️ Configuração'!C35='🔄 Rotação Duplas'!D52,IF('🔄 Rotação Duplas'!I52="-",0,'🔄 Rotação Duplas'!I52),0))+IF('⚙️ Configuração'!C35='🔄 Rotação Duplas'!C53,IF('🔄 Rotação Duplas'!H53="-",0,'🔄 Rotação Duplas'!H53),IF('⚙️ Configuração'!C35='🔄 Rotação Duplas'!D53,IF('🔄 Rotação Duplas'!I53="-",0,'🔄 Rotação Duplas'!I53),0))+IF('⚙️ Configuração'!C35='🔄 Rotação Duplas'!C54,IF('🔄 Rotação Duplas'!H54="-",0,'🔄 Rotação Duplas'!H54),IF('⚙️ Configuração'!C35='🔄 Rotação Duplas'!D54,IF('🔄 Rotação Duplas'!I54="-",0,'🔄 Rotação Duplas'!I54),0))+IF('⚙️ Configuração'!C35='🔄 Rotação Duplas'!C55,IF('🔄 Rotação Duplas'!H55="-",0,'🔄 Rotação Duplas'!H55),IF('⚙️ Configuração'!C35='🔄 Rotação Duplas'!D55,IF('🔄 Rotação Duplas'!I55="-",0,'🔄 Rotação Duplas'!I55),0))+IF('⚙️ Configuração'!C35='🔄 Rotação Duplas'!C56,IF('🔄 Rotação Duplas'!H56="-",0,'🔄 Rotação Duplas'!H56),IF('⚙️ Configuração'!C35='🔄 Rotação Duplas'!D56,IF('🔄 Rotação Duplas'!I56="-",0,'🔄 Rotação Duplas'!I56),0))+IF('⚙️ Configuração'!C35='🔄 Rotação Duplas'!C57,IF('🔄 Rotação Duplas'!H57="-",0,'🔄 Rotação Duplas'!H57),IF('⚙️ Configuração'!C35='🔄 Rotação Duplas'!D57,IF('🔄 Rotação Duplas'!I57="-",0,'🔄 Rotação Duplas'!I57),0))+IF('⚙️ Configuração'!C35='🔄 Rotação Duplas'!C58,IF('🔄 Rotação Duplas'!H58="-",0,'🔄 Rotação Duplas'!H58),IF('⚙️ Configuração'!C35='🔄 Rotação Duplas'!D58,IF('🔄 Rotação Duplas'!I58="-",0,'🔄 Rotação Duplas'!I58),0))+IF('⚙️ Configuração'!C35='🔄 Rotação Duplas'!C59,IF('🔄 Rotação Duplas'!H59="-",0,'🔄 Rotação Duplas'!H59),IF('⚙️ Configuração'!C35='🔄 Rotação Duplas'!D59,IF('🔄 Rotação Duplas'!I59="-",0,'🔄 Rotação Duplas'!I59),0)) -> 0 | G11: =IF('⚙️ Configuração'!C35='🔄 Rotação Duplas'!C64,IF('🔄 Rotação Duplas'!H64="-",0,'🔄 Rotação Duplas'!H64),IF('⚙️ Configuração'!C35='🔄 Rotação Duplas'!D64,IF('🔄 Rotação Duplas'!I64="-",0,'🔄 Rotação Duplas'!I64),0))+IF('⚙️ Configuração'!C35='🔄 Rotação Duplas'!C65,IF('🔄 Rotação Duplas'!H65="-",0,'🔄 Rotação Duplas'!H65),IF('⚙️ Configuração'!C35='🔄 Rotação Duplas'!D65,IF('🔄 Rotação Duplas'!I65="-",0,'🔄 Rotação Duplas'!I65),0))+IF('⚙️ Configuração'!C35='🔄 Rotação Duplas'!C66,IF('🔄 Rotação Duplas'!H66="-",0,'🔄 Rotação Duplas'!H66),IF('⚙️ Configuração'!C35='🔄 Rotação Duplas'!D66,IF('🔄 Rotação Duplas'!I66="-",0,'🔄 Rotação Duplas'!I66),0))+IF('⚙️ Configuração'!C35='🔄 Rotação Duplas'!C67,IF('🔄 Rotação Duplas'!H67="-",0,'🔄 Rotação Duplas'!H67),IF('⚙️ Configuração'!C35='🔄 Rotação Duplas'!D67,IF('🔄 Rotação Duplas'!I67="-",0,'🔄 Rotação Duplas'!I67),0))+IF('⚙️ Configuração'!C35='🔄 Rotação Duplas'!C68,IF('🔄 Rotação Duplas'!H68="-",0,'🔄 Rotação Duplas'!H68),IF('⚙️ Configuração'!C35='🔄 Rotação Duplas'!D68,IF('🔄 Rotação Duplas'!I68="-",0,'🔄 Rotação Duplas'!I68),0))+IF('⚙️ Configuração'!C35='🔄 Rotação Duplas'!C69,IF('🔄 Rotação Duplas'!H69="-",0,'🔄 Rotação Duplas'!H69),IF('⚙️ Configuração'!C35='🔄 Rotação Duplas'!D69,IF('🔄 Rotação Duplas'!I69="-",0,'🔄 Rotação Duplas'!I69),0))+IF('⚙️ Configuração'!C35='🔄 Rotação Duplas'!C70,IF('🔄 Rotação Duplas'!H70="-",0,'🔄 Rotação Duplas'!H70),IF('⚙️ Configuração'!C35='🔄 Rotação Duplas'!D70,IF('🔄 Rotação Duplas'!I70="-",0,'🔄 Rotação Duplas'!I70),0))+IF('⚙️ Configuração'!C35='🔄 Rotação Duplas'!C71,IF('🔄 Rotação Duplas'!H71="-",0,'🔄 Rotação Duplas'!H71),IF('⚙️ Configuração'!C35='🔄 Rotação Duplas'!D71,IF('🔄 Rotação Duplas'!I71="-",0,'🔄 Rotação Duplas'!I71),0))+IF('⚙️ Configuração'!C35='🔄 Rotação Duplas'!C72,IF('🔄 Rotação Duplas'!H72="-",0,'🔄 Rotação Duplas'!H72),IF('⚙️ Configuração'!C35='🔄 Rotação Duplas'!D72,IF('🔄 Rotação Duplas'!I72="-",0,'🔄 Rotação Duplas'!I72),0))+IF('⚙️ Configuração'!C35='🔄 Rotação Duplas'!C73,IF('🔄 Rotação Duplas'!H73="-",0,'🔄 Rotação Duplas'!H73),IF('⚙️ Configuração'!C35='🔄 Rotação Duplas'!D73,IF('🔄 Rotação Duplas'!I73="-",0,'🔄 Rotação Duplas'!I73),0)) -> 0 | H11: =IF('⚙️ Configuração'!C35='🔄 Rotação Duplas'!C78,IF('🔄 Rotação Duplas'!H78="-",0,'🔄 Rotação Duplas'!H78),IF('⚙️ Configuração'!C35='🔄 Rotação Duplas'!D78,IF('🔄 Rotação Duplas'!I78="-",0,'🔄 Rotação Duplas'!I78),0))+IF('⚙️ Configuração'!C35='🔄 Rotação Duplas'!C79,IF('🔄 Rotação Duplas'!H79="-",0,'🔄 Rotação Duplas'!H79),IF('⚙️ Configuração'!C35='🔄 Rotação Duplas'!D79,IF('🔄 Rotação Duplas'!I79="-",0,'🔄 Rotação Duplas'!I79),0))+IF('⚙️ Configuração'!C35='🔄 Rotação Duplas'!C80,IF('🔄 Rotação Duplas'!H80="-",0,'🔄 Rotação Duplas'!H80),IF('⚙️ Configuração'!C35='🔄 Rotação Duplas'!D80,IF('🔄 Rotação Duplas'!I80="-",0,'🔄 Rotação Duplas'!I80),0))+IF('⚙️ Configuração'!C35='🔄 Rotação Duplas'!C81,IF('🔄 Rotação Duplas'!H81="-",0,'🔄 Rotação Duplas'!H81),IF('⚙️ Configuração'!C35='🔄 Rotação Duplas'!D81,IF('🔄 Rotação Duplas'!I81="-",0,'🔄 Rotação Duplas'!I81),0))+IF('⚙️ Configuração'!C35='🔄 Rotação Duplas'!C82,IF('🔄 Rotação Duplas'!H82="-",0,'🔄 Rotação Duplas'!H82),IF('⚙️ Configuração'!C35='🔄 Rotação Duplas'!D82,IF('🔄 Rotação Duplas'!I82="-",0,'🔄 Rotação Duplas'!I82),0))+IF('⚙️ Configuração'!C35='🔄 Rotação Duplas'!C83,IF('🔄 Rotação Duplas'!H83="-",0,'🔄 Rotação Duplas'!H83),IF('⚙️ Configuração'!C35='🔄 Rotação Duplas'!D83,IF('🔄 Rotação Duplas'!I83="-",0,'🔄 Rotação Duplas'!I83),0))+IF('⚙️ Configuração'!C35='🔄 Rotação Duplas'!C84,IF('🔄 Rotação Duplas'!H84="-",0,'🔄 Rotação Duplas'!H84),IF('⚙️ Configuração'!C35='🔄 Rotação Duplas'!D84,IF('🔄 Rotação Duplas'!I84="-",0,'🔄 Rotação Duplas'!I84),0))+IF('⚙️ Configuração'!C35='🔄 Rotação Duplas'!C85,IF('🔄 Rotação Duplas'!H85="-",0,'🔄 Rotação Duplas'!H85),IF('⚙️ Configuração'!C35='🔄 Rotação Duplas'!D85,IF('🔄 Rotação Duplas'!I85="-",0,'🔄 Rotação Duplas'!I85),0))+IF('⚙️ Configuração'!C35='🔄 Rotação Duplas'!C86,IF('🔄 Rotação Duplas'!H86="-",0,'🔄 Rotação Duplas'!H86),IF('⚙️ Configuração'!C35='🔄 Rotação Duplas'!D86,IF('🔄 Rotação Duplas'!I86="-",0,'🔄 Rotação Duplas'!I86),0))+IF('⚙️ Configuração'!C35='🔄 Rotação Duplas'!C87,IF('🔄 Rotação Duplas'!H87="-",0,'🔄 Rotação Duplas'!H87),IF('⚙️ Configuração'!C35='🔄 Rotação Duplas'!D87,IF('🔄 Rotação Duplas'!I87="-",0,'🔄 Rotação Duplas'!I87),0)) -> 0 | I11: =IF('⚙️ Configuração'!C35='🔄 Rotação Duplas'!C92,IF('🔄 Rotação Duplas'!H92="-",0,'🔄 Rotação Duplas'!H92),IF('⚙️ Configuração'!C35='🔄 Rotação Duplas'!D92,IF('🔄 Rotação Duplas'!I92="-",0,'🔄 Rotação Duplas'!I92),0))+IF('⚙️ Configuração'!C35='🔄 Rotação Duplas'!C93,IF('🔄 Rotação Duplas'!H93="-",0,'🔄 Rotação Duplas'!H93),IF('⚙️ Configuração'!C35='🔄 Rotação Duplas'!D93,IF('🔄 Rotação Duplas'!I93="-",0,'🔄 Rotação Duplas'!I93),0))+IF('⚙️ Configuração'!C35='🔄 Rotação Duplas'!C94,IF('🔄 Rotação Duplas'!H94="-",0,'🔄 Rotação Duplas'!H94),IF('⚙️ Configuração'!C35='🔄 Rotação Duplas'!D94,IF('🔄 Rotação Duplas'!I94="-",0,'🔄 Rotação Duplas'!I94),0))+IF('⚙️ Configuração'!C35='🔄 Rotação Duplas'!C95,IF('🔄 Rotação Duplas'!H95="-",0,'🔄 Rotação Duplas'!H95),IF('⚙️ Configuração'!C35='🔄 Rotação Duplas'!D95,IF('🔄 Rotação Duplas'!I95="-",0,'🔄 Rotação Duplas'!I95),0))+IF('⚙️ Configuração'!C35='🔄 Rotação Duplas'!C96,IF('🔄 Rotação Duplas'!H96="-",0,'🔄 Rotação Duplas'!H96),IF('⚙️ Configuração'!C35='🔄 Rotação Duplas'!D96,IF('🔄 Rotação Duplas'!I96="-",0,'🔄 Rotação Duplas'!I96),0))+IF('⚙️ Configuração'!C35='🔄 Rotação Duplas'!C97,IF('🔄 Rotação Duplas'!H97="-",0,'🔄 Rotação Duplas'!H97),IF('⚙️ Configuração'!C35='🔄 Rotação Duplas'!D97,IF('🔄 Rotação Duplas'!I97="-",0,'🔄 Rotação Duplas'!I97),0))+IF('⚙️ Configuração'!C35='🔄 Rotação Duplas'!C98,IF('🔄 Rotação Duplas'!H98="-",0,'🔄 Rotação Duplas'!H98),IF('⚙️ Configuração'!C35='🔄 Rotação Duplas'!D98,IF('🔄 Rotação Duplas'!I98="-",0,'🔄 Rotação Duplas'!I98),0))+IF('⚙️ Configuração'!C35='🔄 Rotação Duplas'!C99,IF('🔄 Rotação Duplas'!H99="-",0,'🔄 Rotação Duplas'!H99),IF('⚙️ Configuração'!C35='🔄 Rotação Duplas'!D99,IF('🔄 Rotação Duplas'!I99="-",0,'🔄 Rotação Duplas'!I99),0))+IF('⚙️ Configuração'!C35='🔄 Rotação Duplas'!C100,IF('🔄 Rotação Duplas'!H100="-",0,'🔄 Rotação Duplas'!H100),IF('⚙️ Configuração'!C35='🔄 Rotação Duplas'!D100,IF('🔄 Rotação Duplas'!I100="-",0,'🔄 Rotação Duplas'!I100),0))+IF('⚙️ Configuração'!C35='🔄 Rotação Duplas'!C101,IF('🔄 Rotação Duplas'!H101="-",0,'🔄 Rotação Duplas'!H101),IF('⚙️ Configuração'!C35='🔄 Rotação Duplas'!D101,IF('🔄 Rotação Duplas'!I101="-",0,'🔄 Rotação Duplas'!I101),0)) -> 0 | J11: =IF('⚙️ Configuração'!C35='🔄 Rotação Duplas'!C106,IF('🔄 Rotação Duplas'!H106="-",0,'🔄 Rotação Duplas'!H106),IF('⚙️ Configuração'!C35='🔄 Rotação Duplas'!D106,IF('🔄 Rotação Duplas'!I106="-",0,'🔄 Rotação Duplas'!I106),0))+IF('⚙️ Configuração'!C35='🔄 Rotação Duplas'!C107,IF('🔄 Rotação Duplas'!H107="-",0,'🔄 Rotação Duplas'!H107),IF('⚙️ Configuração'!C35='🔄 Rotação Duplas'!D107,IF('🔄 Rotação Duplas'!I107="-",0,'🔄 Rotação Duplas'!I107),0))+IF('⚙️ Configuração'!C35='🔄 Rotação Duplas'!C108,IF('🔄 Rotação Duplas'!H108="-",0,'🔄 Rotação Duplas'!H108),IF('⚙️ Configuração'!C35='🔄 Rotação Duplas'!D108,IF('🔄 Rotação Duplas'!I108="-",0,'🔄 Rotação Duplas'!I108),0))+IF('⚙️ Configuração'!C35='🔄 Rotação Duplas'!C109,IF('🔄 Rotação Duplas'!H109="-",0,'🔄 Rotação Duplas'!H109),IF('⚙️ Configuração'!C35='🔄 Rotação Duplas'!D109,IF('🔄 Rotação Duplas'!I109="-",0,'🔄 Rotação Duplas'!I109),0))+IF('⚙️ Configuração'!C35='🔄 Rotação Duplas'!C110,IF('🔄 Rotação Duplas'!H110="-",0,'🔄 Rotação Duplas'!H110),IF('⚙️ Configuração'!C35='🔄 Rotação Duplas'!D110,IF('🔄 Rotação Duplas'!I110="-",0,'🔄 Rotação Duplas'!I110),0))+IF('⚙️ Configuração'!C35='🔄 Rotação Duplas'!C111,IF('🔄 Rotação Duplas'!H111="-",0,'🔄 Rotação Duplas'!H111),IF('⚙️ Configuração'!C35='🔄 Rotação Duplas'!D111,IF('🔄 Rotação Duplas'!I111="-",0,'🔄 Rotação Duplas'!I111),0))+IF('⚙️ Configuração'!C35='🔄 Rotação Duplas'!C112,IF('🔄 Rotação Duplas'!H112="-",0,'🔄 Rotação Duplas'!H112),IF('⚙️ Configuração'!C35='🔄 Rotação Duplas'!D112,IF('🔄 Rotação Duplas'!I112="-",0,'🔄 Rotação Duplas'!I112),0))+IF('⚙️ Configuração'!C35='🔄 Rotação Duplas'!C113,IF('🔄 Rotação Duplas'!H113="-",0,'🔄 Rotação Duplas'!H113),IF('⚙️ Configuração'!C35='🔄 Rotação Duplas'!D113,IF('🔄 Rotação Duplas'!I113="-",0,'🔄 Rotação Duplas'!I113),0))+IF('⚙️ Configuração'!C35='🔄 Rotação Duplas'!C114,IF('🔄 Rotação Duplas'!H114="-",0,'🔄 Rotação Duplas'!H114),IF('⚙️ Configuração'!C35='🔄 Rotação Duplas'!D114,IF('🔄 Rotação Duplas'!I114="-",0,'🔄 Rotação Duplas'!I114),0))+IF('⚙️ Configuração'!C35='🔄 Rotação Duplas'!C115,IF('🔄 Rotação Duplas'!H115="-",0,'🔄 Rotação Duplas'!H115),IF('⚙️ Configuração'!C35='🔄 Rotação Duplas'!D115,IF('🔄 Rotação Duplas'!I115="-",0,'🔄 Rotação Duplas'!I115),0)) -> 0 | K11: =SUM(C11:J11) -> 46 | L11: =SUMIF('📋 Registo Diário'!$D$7:$D$646,'⚙️ Configuração'!C35,'📋 Registo Diário'!$Q$7:$Q$646) -> 50 | M11: =K11+L11 -> 96
B12: ='⚙️ Configuração'!C36 -> Alexandra Correia | C12: =IF('⚙️ Configuração'!C36='🔄 Rotação Duplas'!C8,IF('🔄 Rotação Duplas'!H8="-",0,'🔄 Rotação Duplas'!H8),IF('⚙️ Configuração'!C36='🔄 Rotação Duplas'!D8,IF('🔄 Rotação Duplas'!I8="-",0,'🔄 Rotação Duplas'!I8),0))+IF('⚙️ Configuração'!C36='🔄 Rotação Duplas'!C9,IF('🔄 Rotação Duplas'!H9="-",0,'🔄 Rotação Duplas'!H9),IF('⚙️ Configuração'!C36='🔄 Rotação Duplas'!D9,IF('🔄 Rotação Duplas'!I9="-",0,'🔄 Rotação Duplas'!I9),0))+IF('⚙️ Configuração'!C36='🔄 Rotação Duplas'!C10,IF('🔄 Rotação Duplas'!H10="-",0,'🔄 Rotação Duplas'!H10),IF('⚙️ Configuração'!C36='🔄 Rotação Duplas'!D10,IF('🔄 Rotação Duplas'!I10="-",0,'🔄 Rotação Duplas'!I10),0))+IF('⚙️ Configuração'!C36='🔄 Rotação Duplas'!C11,IF('🔄 Rotação Duplas'!H11="-",0,'🔄 Rotação Duplas'!H11),IF('⚙️ Configuração'!C36='🔄 Rotação Duplas'!D11,IF('🔄 Rotação Duplas'!I11="-",0,'🔄 Rotação Duplas'!I11),0))+IF('⚙️ Configuração'!C36='🔄 Rotação Duplas'!C12,IF('🔄 Rotação Duplas'!H12="-",0,'🔄 Rotação Duplas'!H12),IF('⚙️ Configuração'!C36='🔄 Rotação Duplas'!D12,IF('🔄 Rotação Duplas'!I12="-",0,'🔄 Rotação Duplas'!I12),0))+IF('⚙️ Configuração'!C36='🔄 Rotação Duplas'!C13,IF('🔄 Rotação Duplas'!H13="-",0,'🔄 Rotação Duplas'!H13),IF('⚙️ Configuração'!C36='🔄 Rotação Duplas'!D13,IF('🔄 Rotação Duplas'!I13="-",0,'🔄 Rotação Duplas'!I13),0))+IF('⚙️ Configuração'!C36='🔄 Rotação Duplas'!C14,IF('🔄 Rotação Duplas'!H14="-",0,'🔄 Rotação Duplas'!H14),IF('⚙️ Configuração'!C36='🔄 Rotação Duplas'!D14,IF('🔄 Rotação Duplas'!I14="-",0,'🔄 Rotação Duplas'!I14),0))+IF('⚙️ Configuração'!C36='🔄 Rotação Duplas'!C15,IF('🔄 Rotação Duplas'!H15="-",0,'🔄 Rotação Duplas'!H15),IF('⚙️ Configuração'!C36='🔄 Rotação Duplas'!D15,IF('🔄 Rotação Duplas'!I15="-",0,'🔄 Rotação Duplas'!I15),0))+IF('⚙️ Configuração'!C36='🔄 Rotação Duplas'!C16,IF('🔄 Rotação Duplas'!H16="-",0,'🔄 Rotação Duplas'!H16),IF('⚙️ Configuração'!C36='🔄 Rotação Duplas'!D16,IF('🔄 Rotação Duplas'!I16="-",0,'🔄 Rotação Duplas'!I16),0))+IF('⚙️ Configuração'!C36='🔄 Rotação Duplas'!C17,IF('🔄 Rotação Duplas'!H17="-",0,'🔄 Rotação Duplas'!H17),IF('⚙️ Configuração'!C36='🔄 Rotação Duplas'!D17,IF('🔄 Rotação Duplas'!I17="-",0,'🔄 Rotação Duplas'!I17),0)) -> 55 | D12: =IF('⚙️ Configuração'!C36='🔄 Rotação Duplas'!C22,IF('🔄 Rotação Duplas'!H22="-",0,'🔄 Rotação Duplas'!H22),IF('⚙️ Configuração'!C36='🔄 Rotação Duplas'!D22,IF('🔄 Rotação Duplas'!I22="-",0,'🔄 Rotação Duplas'!I22),0))+IF('⚙️ Configuração'!C36='🔄 Rotação Duplas'!C23,IF('🔄 Rotação Duplas'!H23="-",0,'🔄 Rotação Duplas'!H23),IF('⚙️ Configuração'!C36='🔄 Rotação Duplas'!D23,IF('🔄 Rotação Duplas'!I23="-",0,'🔄 Rotação Duplas'!I23),0))+IF('⚙️ Configuração'!C36='🔄 Rotação Duplas'!C24,IF('🔄 Rotação Duplas'!H24="-",0,'🔄 Rotação Duplas'!H24),IF('⚙️ Configuração'!C36='🔄 Rotação Duplas'!D24,IF('🔄 Rotação Duplas'!I24="-",0,'🔄 Rotação Duplas'!I24),0))+IF('⚙️ Configuração'!C36='🔄 Rotação Duplas'!C25,IF('🔄 Rotação Duplas'!H25="-",0,'🔄 Rotação Duplas'!H25),IF('⚙️ Configuração'!C36='🔄 Rotação Duplas'!D25,IF('🔄 Rotação Duplas'!I25="-",0,'🔄 Rotação Duplas'!I25),0))+IF('⚙️ Configuração'!C36='🔄 Rotação Duplas'!C26,IF('🔄 Rotação Duplas'!H26="-",0,'🔄 Rotação Duplas'!H26),IF('⚙️ Configuração'!C36='🔄 Rotação Duplas'!D26,IF('🔄 Rotação Duplas'!I26="-",0,'🔄 Rotação Duplas'!I26),0))+IF('⚙️ Configuração'!C36='🔄 Rotação Duplas'!C27,IF('🔄 Rotação Duplas'!H27="-",0,'🔄 Rotação Duplas'!H27),IF('⚙️ Configuração'!C36='🔄 Rotação Duplas'!D27,IF('🔄 Rotação Duplas'!I27="-",0,'🔄 Rotação Duplas'!I27),0))+IF('⚙️ Configuração'!C36='🔄 Rotação Duplas'!C28,IF('🔄 Rotação Duplas'!H28="-",0,'🔄 Rotação Duplas'!H28),IF('⚙️ Configuração'!C36='🔄 Rotação Duplas'!D28,IF('🔄 Rotação Duplas'!I28="-",0,'🔄 Rotação Duplas'!I28),0))+IF('⚙️ Configuração'!C36='🔄 Rotação Duplas'!C29,IF('🔄 Rotação Duplas'!H29="-",0,'🔄 Rotação Duplas'!H29),IF('⚙️ Configuração'!C36='🔄 Rotação Duplas'!D29,IF('🔄 Rotação Duplas'!I29="-",0,'🔄 Rotação Duplas'!I29),0))+IF('⚙️ Configuração'!C36='🔄 Rotação Duplas'!C30,IF('🔄 Rotação Duplas'!H30="-",0,'🔄 Rotação Duplas'!H30),IF('⚙️ Configuração'!C36='🔄 Rotação Duplas'!D30,IF('🔄 Rotação Duplas'!I30="-",0,'🔄 Rotação Duplas'!I30),0))+IF('⚙️ Configuração'!C36='🔄 Rotação Duplas'!C31,IF('🔄 Rotação Duplas'!H31="-",0,'🔄 Rotação Duplas'!H31),IF('⚙️ Configuração'!C36='🔄 Rotação Duplas'!D31,IF('🔄 Rotação Duplas'!I31="-",0,'🔄 Rotação Duplas'!I31),0)) -> 0 | E12: =IF('⚙️ Configuração'!C36='🔄 Rotação Duplas'!C36,IF('🔄 Rotação Duplas'!H36="-",0,'🔄 Rotação Duplas'!H36),IF('⚙️ Configuração'!C36='🔄 Rotação Duplas'!D36,IF('🔄 Rotação Duplas'!I36="-",0,'🔄 Rotação Duplas'!I36),0))+IF('⚙️ Configuração'!C36='🔄 Rotação Duplas'!C37,IF('🔄 Rotação Duplas'!H37="-",0,'🔄 Rotação Duplas'!H37),IF('⚙️ Configuração'!C36='🔄 Rotação Duplas'!D37,IF('🔄 Rotação Duplas'!I37="-",0,'🔄 Rotação Duplas'!I37),0))+IF('⚙️ Configuração'!C36='🔄 Rotação Duplas'!C38,IF('🔄 Rotação Duplas'!H38="-",0,'🔄 Rotação Duplas'!H38),IF('⚙️ Configuração'!C36='🔄 Rotação Duplas'!D38,IF('🔄 Rotação Duplas'!I38="-",0,'🔄 Rotação Duplas'!I38),0))+IF('⚙️ Configuração'!C36='🔄 Rotação Duplas'!C39,IF('🔄 Rotação Duplas'!H39="-",0,'🔄 Rotação Duplas'!H39),IF('⚙️ Configuração'!C36='🔄 Rotação Duplas'!D39,IF('🔄 Rotação Duplas'!I39="-",0,'🔄 Rotação Duplas'!I39),0))+IF('⚙️ Configuração'!C36='🔄 Rotação Duplas'!C40,IF('🔄 Rotação Duplas'!H40="-",0,'🔄 Rotação Duplas'!H40),IF('⚙️ Configuração'!C36='🔄 Rotação Duplas'!D40,IF('🔄 Rotação Duplas'!I40="-",0,'🔄 Rotação Duplas'!I40),0))+IF('⚙️ Configuração'!C36='🔄 Rotação Duplas'!C41,IF('🔄 Rotação Duplas'!H41="-",0,'🔄 Rotação Duplas'!H41),IF('⚙️ Configuração'!C36='🔄 Rotação Duplas'!D41,IF('🔄 Rotação Duplas'!I41="-",0,'🔄 Rotação Duplas'!I41),0))+IF('⚙️ Configuração'!C36='🔄 Rotação Duplas'!C42,IF('🔄 Rotação Duplas'!H42="-",0,'🔄 Rotação Duplas'!H42),IF('⚙️ Configuração'!C36='🔄 Rotação Duplas'!D42,IF('🔄 Rotação Duplas'!I42="-",0,'🔄 Rotação Duplas'!I42),0))+IF('⚙️ Configuração'!C36='🔄 Rotação Duplas'!C43,IF('🔄 Rotação Duplas'!H43="-",0,'🔄 Rotação Duplas'!H43),IF('⚙️ Configuração'!C36='🔄 Rotação Duplas'!D43,IF('🔄 Rotação Duplas'!I43="-",0,'🔄 Rotação Duplas'!I43),0))+IF('⚙️ Configuração'!C36='🔄 Rotação Duplas'!C44,IF('🔄 Rotação Duplas'!H44="-",0,'🔄 Rotação Duplas'!H44),IF('⚙️ Configuração'!C36='🔄 Rotação Duplas'!D44,IF('🔄 Rotação Duplas'!I44="-",0,'🔄 Rotação Duplas'!I44),0))+IF('⚙️ Configuração'!C36='🔄 Rotação Duplas'!C45,IF('🔄 Rotação Duplas'!H45="-",0,'🔄 Rotação Duplas'!H45),IF('⚙️ Configuração'!C36='🔄 Rotação Duplas'!D45,IF('🔄 Rotação Duplas'!I45="-",0,'🔄 Rotação Duplas'!I45),0)) -> 0 | F12: =IF('⚙️ Configuração'!C36='🔄 Rotação Duplas'!C50,IF('🔄 Rotação Duplas'!H50="-",0,'🔄 Rotação Duplas'!H50),IF('⚙️ Configuração'!C36='🔄 Rotação Duplas'!D50,IF('🔄 Rotação Duplas'!I50="-",0,'🔄 Rotação Duplas'!I50),0))+IF('⚙️ Configuração'!C36='🔄 Rotação Duplas'!C51,IF('🔄 Rotação Duplas'!H51="-",0,'🔄 Rotação Duplas'!H51),IF('⚙️ Configuração'!C36='🔄 Rotação Duplas'!D51,IF('🔄 Rotação Duplas'!I51="-",0,'🔄 Rotação Duplas'!I51),0))+IF('⚙️ Configuração'!C36='🔄 Rotação Duplas'!C52,IF('🔄 Rotação Duplas'!H52="-",0,'🔄 Rotação Duplas'!H52),IF('⚙️ Configuração'!C36='🔄 Rotação Duplas'!D52,IF('🔄 Rotação Duplas'!I52="-",0,'🔄 Rotação Duplas'!I52),0))+IF('⚙️ Configuração'!C36='🔄 Rotação Duplas'!C53,IF('🔄 Rotação Duplas'!H53="-",0,'🔄 Rotação Duplas'!H53),IF('⚙️ Configuração'!C36='🔄 Rotação Duplas'!D53,IF('🔄 Rotação Duplas'!I53="-",0,'🔄 Rotação Duplas'!I53),0))+IF('⚙️ Configuração'!C36='🔄 Rotação Duplas'!C54,IF('🔄 Rotação Duplas'!H54="-",0,'🔄 Rotação Duplas'!H54),IF('⚙️ Configuração'!C36='🔄 Rotação Duplas'!D54,IF('🔄 Rotação Duplas'!I54="-",0,'🔄 Rotação Duplas'!I54),0))+IF('⚙️ Configuração'!C36='🔄 Rotação Duplas'!C55,IF('🔄 Rotação Duplas'!H55="-",0,'🔄 Rotação Duplas'!H55),IF('⚙️ Configuração'!C36='🔄 Rotação Duplas'!D55,IF('🔄 Rotação Duplas'!I55="-",0,'🔄 Rotação Duplas'!I55),0))+IF('⚙️ Configuração'!C36='🔄 Rotação Duplas'!C56,IF('🔄 Rotação Duplas'!H56="-",0,'🔄 Rotação Duplas'!H56),IF('⚙️ Configuração'!C36='🔄 Rotação Duplas'!D56,IF('🔄 Rotação Duplas'!I56="-",0,'🔄 Rotação Duplas'!I56),0))+IF('⚙️ Configuração'!C36='🔄 Rotação Duplas'!C57,IF('🔄 Rotação Duplas'!H57="-",0,'🔄 Rotação Duplas'!H57),IF('⚙️ Configuração'!C36='🔄 Rotação Duplas'!D57,IF('🔄 Rotação Duplas'!I57="-",0,'🔄 Rotação Duplas'!I57),0))+IF('⚙️ Configuração'!C36='🔄 Rotação Duplas'!C58,IF('🔄 Rotação Duplas'!H58="-",0,'🔄 Rotação Duplas'!H58),IF('⚙️ Configuração'!C36='🔄 Rotação Duplas'!D58,IF('🔄 Rotação Duplas'!I58="-",0,'🔄 Rotação Duplas'!I58),0))+IF('⚙️ Configuração'!C36='🔄 Rotação Duplas'!C59,IF('🔄 Rotação Duplas'!H59="-",0,'🔄 Rotação Duplas'!H59),IF('⚙️ Configuração'!C36='🔄 Rotação Duplas'!D59,IF('🔄 Rotação Duplas'!I59="-",0,'🔄 Rotação Duplas'!I59),0)) -> 0 | G12: =IF('⚙️ Configuração'!C36='🔄 Rotação Duplas'!C64,IF('🔄 Rotação Duplas'!H64="-",0,'🔄 Rotação Duplas'!H64),IF('⚙️ Configuração'!C36='🔄 Rotação Duplas'!D64,IF('🔄 Rotação Duplas'!I64="-",0,'🔄 Rotação Duplas'!I64),0))+IF('⚙️ Configuração'!C36='🔄 Rotação Duplas'!C65,IF('🔄 Rotação Duplas'!H65="-",0,'🔄 Rotação Duplas'!H65),IF('⚙️ Configuração'!C36='🔄 Rotação Duplas'!D65,IF('🔄 Rotação Duplas'!I65="-",0,'🔄 Rotação Duplas'!I65),0))+IF('⚙️ Configuração'!C36='🔄 Rotação Duplas'!C66,IF('🔄 Rotação Duplas'!H66="-",0,'🔄 Rotação Duplas'!H66),IF('⚙️ Configuração'!C36='🔄 Rotação Duplas'!D66,IF('🔄 Rotação Duplas'!I66="-",0,'🔄 Rotação Duplas'!I66),0))+IF('⚙️ Configuração'!C36='🔄 Rotação Duplas'!C67,IF('🔄 Rotação Duplas'!H67="-",0,'🔄 Rotação Duplas'!H67),IF('⚙️ Configuração'!C36='🔄 Rotação Duplas'!D67,IF('🔄 Rotação Duplas'!I67="-",0,'🔄 Rotação Duplas'!I67),0))+IF('⚙️ Configuração'!C36='🔄 Rotação Duplas'!C68,IF('🔄 Rotação Duplas'!H68="-",0,'🔄 Rotação Duplas'!H68),IF('⚙️ Configuração'!C36='🔄 Rotação Duplas'!D68,IF('🔄 Rotação Duplas'!I68="-",0,'🔄 Rotação Duplas'!I68),0))+IF('⚙️ Configuração'!C36='🔄 Rotação Duplas'!C69,IF('🔄 Rotação Duplas'!H69="-",0,'🔄 Rotação Duplas'!H69),IF('⚙️ Configuração'!C36='🔄 Rotação Duplas'!D69,IF('🔄 Rotação Duplas'!I69="-",0,'🔄 Rotação Duplas'!I69),0))+IF('⚙️ Configuração'!C36='🔄 Rotação Duplas'!C70,IF('🔄 Rotação Duplas'!H70="-",0,'🔄 Rotação Duplas'!H70),IF('⚙️ Configuração'!C36='🔄 Rotação Duplas'!D70,IF('🔄 Rotação Duplas'!I70="-",0,'🔄 Rotação Duplas'!I70),0))+IF('⚙️ Configuração'!C36='🔄 Rotação Duplas'!C71,IF('🔄 Rotação Duplas'!H71="-",0,'🔄 Rotação Duplas'!H71),IF('⚙️ Configuração'!C36='🔄 Rotação Duplas'!D71,IF('🔄 Rotação Duplas'!I71="-",0,'🔄 Rotação Duplas'!I71),0))+IF('⚙️ Configuração'!C36='🔄 Rotação Duplas'!C72,IF('🔄 Rotação Duplas'!H72="-",0,'🔄 Rotação Duplas'!H72),IF('⚙️ Configuração'!C36='🔄 Rotação Duplas'!D72,IF('🔄 Rotação Duplas'!I72="-",0,'🔄 Rotação Duplas'!I72),0))+IF('⚙️ Configuração'!C36='🔄 Rotação Duplas'!C73,IF('🔄 Rotação Duplas'!H73="-",0,'🔄 Rotação Duplas'!H73),IF('⚙️ Configuração'!C36='🔄 Rotação Duplas'!D73,IF('🔄 Rotação Duplas'!I73="-",0,'🔄 Rotação Duplas'!I73),0)) -> 0 | H12: =IF('⚙️ Configuração'!C36='🔄 Rotação Duplas'!C78,IF('🔄 Rotação Duplas'!H78="-",0,'🔄 Rotação Duplas'!H78),IF('⚙️ Configuração'!C36='🔄 Rotação Duplas'!D78,IF('🔄 Rotação Duplas'!I78="-",0,'🔄 Rotação Duplas'!I78),0))+IF('⚙️ Configuração'!C36='🔄 Rotação Duplas'!C79,IF('🔄 Rotação Duplas'!H79="-",0,'🔄 Rotação Duplas'!H79),IF('⚙️ Configuração'!C36='🔄 Rotação Duplas'!D79,IF('🔄 Rotação Duplas'!I79="-",0,'🔄 Rotação Duplas'!I79),0))+IF('⚙️ Configuração'!C36='🔄 Rotação Duplas'!C80,IF('🔄 Rotação Duplas'!H80="-",0,'🔄 Rotação Duplas'!H80),IF('⚙️ Configuração'!C36='🔄 Rotação Duplas'!D80,IF('🔄 Rotação Duplas'!I80="-",0,'🔄 Rotação Duplas'!I80),0))+IF('⚙️ Configuração'!C36='🔄 Rotação Duplas'!C81,IF('🔄 Rotação Duplas'!H81="-",0,'🔄 Rotação Duplas'!H81),IF('⚙️ Configuração'!C36='🔄 Rotação Duplas'!D81,IF('🔄 Rotação Duplas'!I81="-",0,'🔄 Rotação Duplas'!I81),0))+IF('⚙️ Configuração'!C36='🔄 Rotação Duplas'!C82,IF('🔄 Rotação Duplas'!H82="-",0,'🔄 Rotação Duplas'!H82),IF('⚙️ Configuração'!C36='🔄 Rotação Duplas'!D82,IF('🔄 Rotação Duplas'!I82="-",0,'🔄 Rotação Duplas'!I82),0))+IF('⚙️ Configuração'!C36='🔄 Rotação Duplas'!C83,IF('🔄 Rotação Duplas'!H83="-",0,'🔄 Rotação Duplas'!H83),IF('⚙️ Configuração'!C36='🔄 Rotação Duplas'!D83,IF('🔄 Rotação Duplas'!I83="-",0,'🔄 Rotação Duplas'!I83),0))+IF('⚙️ Configuração'!C36='🔄 Rotação Duplas'!C84,IF('🔄 Rotação Duplas'!H84="-",0,'🔄 Rotação Duplas'!H84),IF('⚙️ Configuração'!C36='🔄 Rotação Duplas'!D84,IF('🔄 Rotação Duplas'!I84="-",0,'🔄 Rotação Duplas'!I84),0))+IF('⚙️ Configuração'!C36='🔄 Rotação Duplas'!C85,IF('🔄 Rotação Duplas'!H85="-",0,'🔄 Rotação Duplas'!H85),IF('⚙️ Configuração'!C36='🔄 Rotação Duplas'!D85,IF('🔄 Rotação Duplas'!I85="-",0,'🔄 Rotação Duplas'!I85),0))+IF('⚙️ Configuração'!C36='🔄 Rotação Duplas'!C86,IF('🔄 Rotação Duplas'!H86="-",0,'🔄 Rotação Duplas'!H86),IF('⚙️ Configuração'!C36='🔄 Rotação Duplas'!D86,IF('🔄 Rotação Duplas'!I86="-",0,'🔄 Rotação Duplas'!I86),0))+IF('⚙️ Configuração'!C36='🔄 Rotação Duplas'!C87,IF('🔄 Rotação Duplas'!H87="-",0,'🔄 Rotação Duplas'!H87),IF('⚙️ Configuração'!C36='🔄 Rotação Duplas'!D87,IF('🔄 Rotação Duplas'!I87="-",0,'🔄 Rotação Duplas'!I87),0)) -> 0 | I12: =IF('⚙️ Configuração'!C36='🔄 Rotação Duplas'!C92,IF('🔄 Rotação Duplas'!H92="-",0,'🔄 Rotação Duplas'!H92),IF('⚙️ Configuração'!C36='🔄 Rotação Duplas'!D92,IF('🔄 Rotação Duplas'!I92="-",0,'🔄 Rotação Duplas'!I92),0))+IF('⚙️ Configuração'!C36='🔄 Rotação Duplas'!C93,IF('🔄 Rotação Duplas'!H93="-",0,'🔄 Rotação Duplas'!H93),IF('⚙️ Configuração'!C36='🔄 Rotação Duplas'!D93,IF('🔄 Rotação Duplas'!I93="-",0,'🔄 Rotação Duplas'!I93),0))+IF('⚙️ Configuração'!C36='🔄 Rotação Duplas'!C94,IF('🔄 Rotação Duplas'!H94="-",0,'🔄 Rotação Duplas'!H94),IF('⚙️ Configuração'!C36='🔄 Rotação Duplas'!D94,IF('🔄 Rotação Duplas'!I94="-",0,'🔄 Rotação Duplas'!I94),0))+IF('⚙️ Configuração'!C36='🔄 Rotação Duplas'!C95,IF('🔄 Rotação Duplas'!H95="-",0,'🔄 Rotação Duplas'!H95),IF('⚙️ Configuração'!C36='🔄 Rotação Duplas'!D95,IF('🔄 Rotação Duplas'!I95="-",0,'🔄 Rotação Duplas'!I95),0))+IF('⚙️ Configuração'!C36='🔄 Rotação Duplas'!C96,IF('🔄 Rotação Duplas'!H96="-",0,'🔄 Rotação Duplas'!H96),IF('⚙️ Configuração'!C36='🔄 Rotação Duplas'!D96,IF('🔄 Rotação Duplas'!I96="-",0,'🔄 Rotação Duplas'!I96),0))+IF('⚙️ Configuração'!C36='🔄 Rotação Duplas'!C97,IF('🔄 Rotação Duplas'!H97="-",0,'🔄 Rotação Duplas'!H97),IF('⚙️ Configuração'!C36='🔄 Rotação Duplas'!D97,IF('🔄 Rotação Duplas'!I97="-",0,'🔄 Rotação Duplas'!I97),0))+IF('⚙️ Configuração'!C36='🔄 Rotação Duplas'!C98,IF('🔄 Rotação Duplas'!H98="-",0,'🔄 Rotação Duplas'!H98),IF('⚙️ Configuração'!C36='🔄 Rotação Duplas'!D98,IF('🔄 Rotação Duplas'!I98="-",0,'🔄 Rotação Duplas'!I98),0))+IF('⚙️ Configuração'!C36='🔄 Rotação Duplas'!C99,IF('🔄 Rotação Duplas'!H99="-",0,'🔄 Rotação Duplas'!H99),IF('⚙️ Configuração'!C36='🔄 Rotação Duplas'!D99,IF('🔄 Rotação Duplas'!I99="-",0,'🔄 Rotação Duplas'!I99),0))+IF('⚙️ Configuração'!C36='🔄 Rotação Duplas'!C100,IF('🔄 Rotação Duplas'!H100="-",0,'🔄 Rotação Duplas'!H100),IF('⚙️ Configuração'!C36='🔄 Rotação Duplas'!D100,IF('🔄 Rotação Duplas'!I100="-",0,'🔄 Rotação Duplas'!I100),0))+IF('⚙️ Configuração'!C36='🔄 Rotação Duplas'!C101,IF('🔄 Rotação Duplas'!H101="-",0,'🔄 Rotação Duplas'!H101),IF('⚙️ Configuração'!C36='🔄 Rotação Duplas'!D101,IF('🔄 Rotação Duplas'!I101="-",0,'🔄 Rotação Duplas'!I101),0)) -> 0 | J12: =IF('⚙️ Configuração'!C36='🔄 Rotação Duplas'!C106,IF('🔄 Rotação Duplas'!H106="-",0,'🔄 Rotação Duplas'!H106),IF('⚙️ Configuração'!C36='🔄 Rotação Duplas'!D106,IF('🔄 Rotação Duplas'!I106="-",0,'🔄 Rotação Duplas'!I106),0))+IF('⚙️ Configuração'!C36='🔄 Rotação Duplas'!C107,IF('🔄 Rotação Duplas'!H107="-",0,'🔄 Rotação Duplas'!H107),IF('⚙️ Configuração'!C36='🔄 Rotação Duplas'!D107,IF('🔄 Rotação Duplas'!I107="-",0,'🔄 Rotação Duplas'!I107),0))+IF('⚙️ Configuração'!C36='🔄 Rotação Duplas'!C108,IF('🔄 Rotação Duplas'!H108="-",0,'🔄 Rotação Duplas'!H108),IF('⚙️ Configuração'!C36='🔄 Rotação Duplas'!D108,IF('🔄 Rotação Duplas'!I108="-",0,'🔄 Rotação Duplas'!I108),0))+IF('⚙️ Configuração'!C36='🔄 Rotação Duplas'!C109,IF('🔄 Rotação Duplas'!H109="-",0,'🔄 Rotação Duplas'!H109),IF('⚙️ Configuração'!C36='🔄 Rotação Duplas'!D109,IF('🔄 Rotação Duplas'!I109="-",0,'🔄 Rotação Duplas'!I109),0))+IF('⚙️ Configuração'!C36='🔄 Rotação Duplas'!C110,IF('🔄 Rotação Duplas'!H110="-",0,'🔄 Rotação Duplas'!H110),IF('⚙️ Configuração'!C36='🔄 Rotação Duplas'!D110,IF('🔄 Rotação Duplas'!I110="-",0,'🔄 Rotação Duplas'!I110),0))+IF('⚙️ Configuração'!C36='🔄 Rotação Duplas'!C111,IF('🔄 Rotação Duplas'!H111="-",0,'🔄 Rotação Duplas'!H111),IF('⚙️ Configuração'!C36='🔄 Rotação Duplas'!D111,IF('🔄 Rotação Duplas'!I111="-",0,'🔄 Rotação Duplas'!I111),0))+IF('⚙️ Configuração'!C36='🔄 Rotação Duplas'!C112,IF('🔄 Rotação Duplas'!H112="-",0,'🔄 Rotação Duplas'!H112),IF('⚙️ Configuração'!C36='🔄 Rotação Duplas'!D112,IF('🔄 Rotação Duplas'!I112="-",0,'🔄 Rotação Duplas'!I112),0))+IF('⚙️ Configuração'!C36='🔄 Rotação Duplas'!C113,IF('🔄 Rotação Duplas'!H113="-",0,'🔄 Rotação Duplas'!H113),IF('⚙️ Configuração'!C36='🔄 Rotação Duplas'!D113,IF('🔄 Rotação Duplas'!I113="-",0,'🔄 Rotação Duplas'!I113),0))+IF('⚙️ Configuração'!C36='🔄 Rotação Duplas'!C114,IF('🔄 Rotação Duplas'!H114="-",0,'🔄 Rotação Duplas'!H114),IF('⚙️ Configuração'!C36='🔄 Rotação Duplas'!D114,IF('🔄 Rotação Duplas'!I114="-",0,'🔄 Rotação Duplas'!I114),0))+IF('⚙️ Configuração'!C36='🔄 Rotação Duplas'!C115,IF('🔄 Rotação Duplas'!H115="-",0,'🔄 Rotação Duplas'!H115),IF('⚙️ Configuração'!C36='🔄 Rotação Duplas'!D115,IF('🔄 Rotação Duplas'!I115="-",0,'🔄 Rotação Duplas'!I115),0)) -> 0 | K12: =SUM(C12:J12) -> 55 | L12: =SUMIF('📋 Registo Diário'!$D$7:$D$646,'⚙️ Configuração'!C36,'📋 Registo Diário'!$Q$7:$Q$646) -> 47 | M12: =K12+L12 -> 102
B13: ='⚙️ Configuração'!C37 -> Carla Barata | C13: =IF('⚙️ Configuração'!C37='🔄 Rotação Duplas'!C8,IF('🔄 Rotação Duplas'!H8="-",0,'🔄 Rotação Duplas'!H8),IF('⚙️ Configuração'!C37='🔄 Rotação Duplas'!D8,IF('🔄 Rotação Duplas'!I8="-",0,'🔄 Rotação Duplas'!I8),0))+IF('⚙️ Configuração'!C37='🔄 Rotação Duplas'!C9,IF('🔄 Rotação Duplas'!H9="-",0,'🔄 Rotação Duplas'!H9),IF('⚙️ Configuração'!C37='🔄 Rotação Duplas'!D9,IF('🔄 Rotação Duplas'!I9="-",0,'🔄 Rotação Duplas'!I9),0))+IF('⚙️ Configuração'!C37='🔄 Rotação Duplas'!C10,IF('🔄 Rotação Duplas'!H10="-",0,'🔄 Rotação Duplas'!H10),IF('⚙️ Configuração'!C37='🔄 Rotação Duplas'!D10,IF('🔄 Rotação Duplas'!I10="-",0,'🔄 Rotação Duplas'!I10),0))+IF('⚙️ Configuração'!C37='🔄 Rotação Duplas'!C11,IF('🔄 Rotação Duplas'!H11="-",0,'🔄 Rotação Duplas'!H11),IF('⚙️ Configuração'!C37='🔄 Rotação Duplas'!D11,IF('🔄 Rotação Duplas'!I11="-",0,'🔄 Rotação Duplas'!I11),0))+IF('⚙️ Configuração'!C37='🔄 Rotação Duplas'!C12,IF('🔄 Rotação Duplas'!H12="-",0,'🔄 Rotação Duplas'!H12),IF('⚙️ Configuração'!C37='🔄 Rotação Duplas'!D12,IF('🔄 Rotação Duplas'!I12="-",0,'🔄 Rotação Duplas'!I12),0))+IF('⚙️ Configuração'!C37='🔄 Rotação Duplas'!C13,IF('🔄 Rotação Duplas'!H13="-",0,'🔄 Rotação Duplas'!H13),IF('⚙️ Configuração'!C37='🔄 Rotação Duplas'!D13,IF('🔄 Rotação Duplas'!I13="-",0,'🔄 Rotação Duplas'!I13),0))+IF('⚙️ Configuração'!C37='🔄 Rotação Duplas'!C14,IF('🔄 Rotação Duplas'!H14="-",0,'🔄 Rotação Duplas'!H14),IF('⚙️ Configuração'!C37='🔄 Rotação Duplas'!D14,IF('🔄 Rotação Duplas'!I14="-",0,'🔄 Rotação Duplas'!I14),0))+IF('⚙️ Configuração'!C37='🔄 Rotação Duplas'!C15,IF('🔄 Rotação Duplas'!H15="-",0,'🔄 Rotação Duplas'!H15),IF('⚙️ Configuração'!C37='🔄 Rotação Duplas'!D15,IF('🔄 Rotação Duplas'!I15="-",0,'🔄 Rotação Duplas'!I15),0))+IF('⚙️ Configuração'!C37='🔄 Rotação Duplas'!C16,IF('🔄 Rotação Duplas'!H16="-",0,'🔄 Rotação Duplas'!H16),IF('⚙️ Configuração'!C37='🔄 Rotação Duplas'!D16,IF('🔄 Rotação Duplas'!I16="-",0,'🔄 Rotação Duplas'!I16),0))+IF('⚙️ Configuração'!C37='🔄 Rotação Duplas'!C17,IF('🔄 Rotação Duplas'!H17="-",0,'🔄 Rotação Duplas'!H17),IF('⚙️ Configuração'!C37='🔄 Rotação Duplas'!D17,IF('🔄 Rotação Duplas'!I17="-",0,'🔄 Rotação Duplas'!I17),0)) -> 21 | D13: =IF('⚙️ Configuração'!C37='🔄 Rotação Duplas'!C22,IF('🔄 Rotação Duplas'!H22="-",0,'🔄 Rotação Duplas'!H22),IF('⚙️ Configuração'!C37='🔄 Rotação Duplas'!D22,IF('🔄 Rotação Duplas'!I22="-",0,'🔄 Rotação Duplas'!I22),0))+IF('⚙️ Configuração'!C37='🔄 Rotação Duplas'!C23,IF('🔄 Rotação Duplas'!H23="-",0,'🔄 Rotação Duplas'!H23),IF('⚙️ Configuração'!C37='🔄 Rotação Duplas'!D23,IF('🔄 Rotação Duplas'!I23="-",0,'🔄 Rotação Duplas'!I23),0))+IF('⚙️ Configuração'!C37='🔄 Rotação Duplas'!C24,IF('🔄 Rotação Duplas'!H24="-",0,'🔄 Rotação Duplas'!H24),IF('⚙️ Configuração'!C37='🔄 Rotação Duplas'!D24,IF('🔄 Rotação Duplas'!I24="-",0,'🔄 Rotação Duplas'!I24),0))+IF('⚙️ Configuração'!C37='🔄 Rotação Duplas'!C25,IF('🔄 Rotação Duplas'!H25="-",0,'🔄 Rotação Duplas'!H25),IF('⚙️ Configuração'!C37='🔄 Rotação Duplas'!D25,IF('🔄 Rotação Duplas'!I25="-",0,'🔄 Rotação Duplas'!I25),0))+IF('⚙️ Configuração'!C37='🔄 Rotação Duplas'!C26,IF('🔄 Rotação Duplas'!H26="-",0,'🔄 Rotação Duplas'!H26),IF('⚙️ Configuração'!C37='🔄 Rotação Duplas'!D26,IF('🔄 Rotação Duplas'!I26="-",0,'🔄 Rotação Duplas'!I26),0))+IF('⚙️ Configuração'!C37='🔄 Rotação Duplas'!C27,IF('🔄 Rotação Duplas'!H27="-",0,'🔄 Rotação Duplas'!H27),IF('⚙️ Configuração'!C37='🔄 Rotação Duplas'!D27,IF('🔄 Rotação Duplas'!I27="-",0,'🔄 Rotação Duplas'!I27),0))+IF('⚙️ Configuração'!C37='🔄 Rotação Duplas'!C28,IF('🔄 Rotação Duplas'!H28="-",0,'🔄 Rotação Duplas'!H28),IF('⚙️ Configuração'!C37='🔄 Rotação Duplas'!D28,IF('🔄 Rotação Duplas'!I28="-",0,'🔄 Rotação Duplas'!I28),0))+IF('⚙️ Configuração'!C37='🔄 Rotação Duplas'!C29,IF('🔄 Rotação Duplas'!H29="-",0,'🔄 Rotação Duplas'!H29),IF('⚙️ Configuração'!C37='🔄 Rotação Duplas'!D29,IF('🔄 Rotação Duplas'!I29="-",0,'🔄 Rotação Duplas'!I29),0))+IF('⚙️ Configuração'!C37='🔄 Rotação Duplas'!C30,IF('🔄 Rotação Duplas'!H30="-",0,'🔄 Rotação Duplas'!H30),IF('⚙️ Configuração'!C37='🔄 Rotação Duplas'!D30,IF('🔄 Rotação Duplas'!I30="-",0,'🔄 Rotação Duplas'!I30),0))+IF('⚙️ Configuração'!C37='🔄 Rotação Duplas'!C31,IF('🔄 Rotação Duplas'!H31="-",0,'🔄 Rotação Duplas'!H31),IF('⚙️ Configuração'!C37='🔄 Rotação Duplas'!D31,IF('🔄 Rotação Duplas'!I31="-",0,'🔄 Rotação Duplas'!I31),0)) -> 0 | E13: =IF('⚙️ Configuração'!C37='🔄 Rotação Duplas'!C36,IF('🔄 Rotação Duplas'!H36="-",0,'🔄 Rotação Duplas'!H36),IF('⚙️ Configuração'!C37='🔄 Rotação Duplas'!D36,IF('🔄 Rotação Duplas'!I36="-",0,'🔄 Rotação Duplas'!I36),0))+IF('⚙️ Configuração'!C37='🔄 Rotação Duplas'!C37,IF('🔄 Rotação Duplas'!H37="-",0,'🔄 Rotação Duplas'!H37),IF('⚙️ Configuração'!C37='🔄 Rotação Duplas'!D37,IF('🔄 Rotação Duplas'!I37="-",0,'🔄 Rotação Duplas'!I37),0))+IF('⚙️ Configuração'!C37='🔄 Rotação Duplas'!C38,IF('🔄 Rotação Duplas'!H38="-",0,'🔄 Rotação Duplas'!H38),IF('⚙️ Configuração'!C37='🔄 Rotação Duplas'!D38,IF('🔄 Rotação Duplas'!I38="-",0,'🔄 Rotação Duplas'!I38),0))+IF('⚙️ Configuração'!C37='🔄 Rotação Duplas'!C39,IF('🔄 Rotação Duplas'!H39="-",0,'🔄 Rotação Duplas'!H39),IF('⚙️ Configuração'!C37='🔄 Rotação Duplas'!D39,IF('🔄 Rotação Duplas'!I39="-",0,'🔄 Rotação Duplas'!I39),0))+IF('⚙️ Configuração'!C37='🔄 Rotação Duplas'!C40,IF('🔄 Rotação Duplas'!H40="-",0,'🔄 Rotação Duplas'!H40),IF('⚙️ Configuração'!C37='🔄 Rotação Duplas'!D40,IF('🔄 Rotação Duplas'!I40="-",0,'🔄 Rotação Duplas'!I40),0))+IF('⚙️ Configuração'!C37='🔄 Rotação Duplas'!C41,IF('🔄 Rotação Duplas'!H41="-",0,'🔄 Rotação Duplas'!H41),IF('⚙️ Configuração'!C37='🔄 Rotação Duplas'!D41,IF('🔄 Rotação Duplas'!I41="-",0,'🔄 Rotação Duplas'!I41),0))+IF('⚙️ Configuração'!C37='🔄 Rotação Duplas'!C42,IF('🔄 Rotação Duplas'!H42="-",0,'🔄 Rotação Duplas'!H42),IF('⚙️ Configuração'!C37='🔄 Rotação Duplas'!D42,IF('🔄 Rotação Duplas'!I42="-",0,'🔄 Rotação Duplas'!I42),0))+IF('⚙️ Configuração'!C37='🔄 Rotação Duplas'!C43,IF('🔄 Rotação Duplas'!H43="-",0,'🔄 Rotação Duplas'!H43),IF('⚙️ Configuração'!C37='🔄 Rotação Duplas'!D43,IF('🔄 Rotação Duplas'!I43="-",0,'🔄 Rotação Duplas'!I43),0))+IF('⚙️ Configuração'!C37='🔄 Rotação Duplas'!C44,IF('🔄 Rotação Duplas'!H44="-",0,'🔄 Rotação Duplas'!H44),IF('⚙️ Configuração'!C37='🔄 Rotação Duplas'!D44,IF('🔄 Rotação Duplas'!I44="-",0,'🔄 Rotação Duplas'!I44),0))+IF('⚙️ Configuração'!C37='🔄 Rotação Duplas'!C45,IF('🔄 Rotação Duplas'!H45="-",0,'🔄 Rotação Duplas'!H45),IF('⚙️ Configuração'!C37='🔄 Rotação Duplas'!D45,IF('🔄 Rotação Duplas'!I45="-",0,'🔄 Rotação Duplas'!I45),0)) -> 0 | F13: =IF('⚙️ Configuração'!C37='🔄 Rotação Duplas'!C50,IF('🔄 Rotação Duplas'!H50="-",0,'🔄 Rotação Duplas'!H50),IF('⚙️ Configuração'!C37='🔄 Rotação Duplas'!D50,IF('🔄 Rotação Duplas'!I50="-",0,'🔄 Rotação Duplas'!I50),0))+IF('⚙️ Configuração'!C37='🔄 Rotação Duplas'!C51,IF('🔄 Rotação Duplas'!H51="-",0,'🔄 Rotação Duplas'!H51),IF('⚙️ Configuração'!C37='🔄 Rotação Duplas'!D51,IF('🔄 Rotação Duplas'!I51="-",0,'🔄 Rotação Duplas'!I51),0))+IF('⚙️ Configuração'!C37='🔄 Rotação Duplas'!C52,IF('🔄 Rotação Duplas'!H52="-",0,'🔄 Rotação Duplas'!H52),IF('⚙️ Configuração'!C37='🔄 Rotação Duplas'!D52,IF('🔄 Rotação Duplas'!I52="-",0,'🔄 Rotação Duplas'!I52),0))+IF('⚙️ Configuração'!C37='🔄 Rotação Duplas'!C53,IF('🔄 Rotação Duplas'!H53="-",0,'🔄 Rotação Duplas'!H53),IF('⚙️ Configuração'!C37='🔄 Rotação Duplas'!D53,IF('🔄 Rotação Duplas'!I53="-",0,'🔄 Rotação Duplas'!I53),0))+IF('⚙️ Configuração'!C37='🔄 Rotação Duplas'!C54,IF('🔄 Rotação Duplas'!H54="-",0,'🔄 Rotação Duplas'!H54),IF('⚙️ Configuração'!C37='🔄 Rotação Duplas'!D54,IF('🔄 Rotação Duplas'!I54="-",0,'🔄 Rotação Duplas'!I54),0))+IF('⚙️ Configuração'!C37='🔄 Rotação Duplas'!C55,IF('🔄 Rotação Duplas'!H55="-",0,'🔄 Rotação Duplas'!H55),IF('⚙️ Configuração'!C37='🔄 Rotação Duplas'!D55,IF('🔄 Rotação Duplas'!I55="-",0,'🔄 Rotação Duplas'!I55),0))+IF('⚙️ Configuração'!C37='🔄 Rotação Duplas'!C56,IF('🔄 Rotação Duplas'!H56="-",0,'🔄 Rotação Duplas'!H56),IF('⚙️ Configuração'!C37='🔄 Rotação Duplas'!D56,IF('🔄 Rotação Duplas'!I56="-",0,'🔄 Rotação Duplas'!I56),0))+IF('⚙️ Configuração'!C37='🔄 Rotação Duplas'!C57,IF('🔄 Rotação Duplas'!H57="-",0,'🔄 Rotação Duplas'!H57),IF('⚙️ Configuração'!C37='🔄 Rotação Duplas'!D57,IF('🔄 Rotação Duplas'!I57="-",0,'🔄 Rotação Duplas'!I57),0))+IF('⚙️ Configuração'!C37='🔄 Rotação Duplas'!C58,IF('🔄 Rotação Duplas'!H58="-",0,'🔄 Rotação Duplas'!H58),IF('⚙️ Configuração'!C37='🔄 Rotação Duplas'!D58,IF('🔄 Rotação Duplas'!I58="-",0,'🔄 Rotação Duplas'!I58),0))+IF('⚙️ Configuração'!C37='🔄 Rotação Duplas'!C59,IF('🔄 Rotação Duplas'!H59="-",0,'🔄 Rotação Duplas'!H59),IF('⚙️ Configuração'!C37='🔄 Rotação Duplas'!D59,IF('🔄 Rotação Duplas'!I59="-",0,'🔄 Rotação Duplas'!I59),0)) -> 0 | G13: =IF('⚙️ Configuração'!C37='🔄 Rotação Duplas'!C64,IF('🔄 Rotação Duplas'!H64="-",0,'🔄 Rotação Duplas'!H64),IF('⚙️ Configuração'!C37='🔄 Rotação Duplas'!D64,IF('🔄 Rotação Duplas'!I64="-",0,'🔄 Rotação Duplas'!I64),0))+IF('⚙️ Configuração'!C37='🔄 Rotação Duplas'!C65,IF('🔄 Rotação Duplas'!H65="-",0,'🔄 Rotação Duplas'!H65),IF('⚙️ Configuração'!C37='🔄 Rotação Duplas'!D65,IF('🔄 Rotação Duplas'!I65="-",0,'🔄 Rotação Duplas'!I65),0))+IF('⚙️ Configuração'!C37='🔄 Rotação Duplas'!C66,IF('🔄 Rotação Duplas'!H66="-",0,'🔄 Rotação Duplas'!H66),IF('⚙️ Configuração'!C37='🔄 Rotação Duplas'!D66,IF('🔄 Rotação Duplas'!I66="-",0,'🔄 Rotação Duplas'!I66),0))+IF('⚙️ Configuração'!C37='🔄 Rotação Duplas'!C67,IF('🔄 Rotação Duplas'!H67="-",0,'🔄 Rotação Duplas'!H67),IF('⚙️ Configuração'!C37='🔄 Rotação Duplas'!D67,IF('🔄 Rotação Duplas'!I67="-",0,'🔄 Rotação Duplas'!I67),0))+IF('⚙️ Configuração'!C37='🔄 Rotação Duplas'!C68,IF('🔄 Rotação Duplas'!H68="-",0,'🔄 Rotação Duplas'!H68),IF('⚙️ Configuração'!C37='🔄 Rotação Duplas'!D68,IF('🔄 Rotação Duplas'!I68="-",0,'🔄 Rotação Duplas'!I68),0))+IF('⚙️ Configuração'!C37='🔄 Rotação Duplas'!C69,IF('🔄 Rotação Duplas'!H69="-",0,'🔄 Rotação Duplas'!H69),IF('⚙️ Configuração'!C37='🔄 Rotação Duplas'!D69,IF('🔄 Rotação Duplas'!I69="-",0,'🔄 Rotação Duplas'!I69),0))+IF('⚙️ Configuração'!C37='🔄 Rotação Duplas'!C70,IF('🔄 Rotação Duplas'!H70="-",0,'🔄 Rotação Duplas'!H70),IF('⚙️ Configuração'!C37='🔄 Rotação Duplas'!D70,IF('🔄 Rotação Duplas'!I70="-",0,'🔄 Rotação Duplas'!I70),0))+IF('⚙️ Configuração'!C37='🔄 Rotação Duplas'!C71,IF('🔄 Rotação Duplas'!H71="-",0,'🔄 Rotação Duplas'!H71),IF('⚙️ Configuração'!C37='🔄 Rotação Duplas'!D71,IF('🔄 Rotação Duplas'!I71="-",0,'🔄 Rotação Duplas'!I71),0))+IF('⚙️ Configuração'!C37='🔄 Rotação Duplas'!C72,IF('🔄 Rotação Duplas'!H72="-",0,'🔄 Rotação Duplas'!H72),IF('⚙️ Configuração'!C37='🔄 Rotação Duplas'!D72,IF('🔄 Rotação Duplas'!I72="-",0,'🔄 Rotação Duplas'!I72),0))+IF('⚙️ Configuração'!C37='🔄 Rotação Duplas'!C73,IF('🔄 Rotação Duplas'!H73="-",0,'🔄 Rotação Duplas'!H73),IF('⚙️ Configuração'!C37='🔄 Rotação Duplas'!D73,IF('🔄 Rotação Duplas'!I73="-",0,'🔄 Rotação Duplas'!I73),0)) -> 0 | H13: =IF('⚙️ Configuração'!C37='🔄 Rotação Duplas'!C78,IF('🔄 Rotação Duplas'!H78="-",0,'🔄 Rotação Duplas'!H78),IF('⚙️ Configuração'!C37='🔄 Rotação Duplas'!D78,IF('🔄 Rotação Duplas'!I78="-",0,'🔄 Rotação Duplas'!I78),0))+IF('⚙️ Configuração'!C37='🔄 Rotação Duplas'!C79,IF('🔄 Rotação Duplas'!H79="-",0,'🔄 Rotação Duplas'!H79),IF('⚙️ Configuração'!C37='🔄 Rotação Duplas'!D79,IF('🔄 Rotação Duplas'!I79="-",0,'🔄 Rotação Duplas'!I79),0))+IF('⚙️ Configuração'!C37='🔄 Rotação Duplas'!C80,IF('🔄 Rotação Duplas'!H80="-",0,'🔄 Rotação Duplas'!H80),IF('⚙️ Configuração'!C37='🔄 Rotação Duplas'!D80,IF('🔄 Rotação Duplas'!I80="-",0,'🔄 Rotação Duplas'!I80),0))+IF('⚙️ Configuração'!C37='🔄 Rotação Duplas'!C81,IF('🔄 Rotação Duplas'!H81="-",0,'🔄 Rotação Duplas'!H81),IF('⚙️ Configuração'!C37='🔄 Rotação Duplas'!D81,IF('🔄 Rotação Duplas'!I81="-",0,'🔄 Rotação Duplas'!I81),0))+IF('⚙️ Configuração'!C37='🔄 Rotação Duplas'!C82,IF('🔄 Rotação Duplas'!H82="-",0,'🔄 Rotação Duplas'!H82),IF('⚙️ Configuração'!C37='🔄 Rotação Duplas'!D82,IF('🔄 Rotação Duplas'!I82="-",0,'🔄 Rotação Duplas'!I82),0))+IF('⚙️ Configuração'!C37='🔄 Rotação Duplas'!C83,IF('🔄 Rotação Duplas'!H83="-",0,'🔄 Rotação Duplas'!H83),IF('⚙️ Configuração'!C37='🔄 Rotação Duplas'!D83,IF('🔄 Rotação Duplas'!I83="-",0,'🔄 Rotação Duplas'!I83),0))+IF('⚙️ Configuração'!C37='🔄 Rotação Duplas'!C84,IF('🔄 Rotação Duplas'!H84="-",0,'🔄 Rotação Duplas'!H84),IF('⚙️ Configuração'!C37='🔄 Rotação Duplas'!D84,IF('🔄 Rotação Duplas'!I84="-",0,'🔄 Rotação Duplas'!I84),0))+IF('⚙️ Configuração'!C37='🔄 Rotação Duplas'!C85,IF('🔄 Rotação Duplas'!H85="-",0,'🔄 Rotação Duplas'!H85),IF('⚙️ Configuração'!C37='🔄 Rotação Duplas'!D85,IF('🔄 Rotação Duplas'!I85="-",0,'🔄 Rotação Duplas'!I85),0))+IF('⚙️ Configuração'!C37='🔄 Rotação Duplas'!C86,IF('🔄 Rotação Duplas'!H86="-",0,'🔄 Rotação Duplas'!H86),IF('⚙️ Configuração'!C37='🔄 Rotação Duplas'!D86,IF('🔄 Rotação Duplas'!I86="-",0,'🔄 Rotação Duplas'!I86),0))+IF('⚙️ Configuração'!C37='🔄 Rotação Duplas'!C87,IF('🔄 Rotação Duplas'!H87="-",0,'🔄 Rotação Duplas'!H87),IF('⚙️ Configuração'!C37='🔄 Rotação Duplas'!D87,IF('🔄 Rotação Duplas'!I87="-",0,'🔄 Rotação Duplas'!I87),0)) -> 0 | I13: =IF('⚙️ Configuração'!C37='🔄 Rotação Duplas'!C92,IF('🔄 Rotação Duplas'!H92="-",0,'🔄 Rotação Duplas'!H92),IF('⚙️ Configuração'!C37='🔄 Rotação Duplas'!D92,IF('🔄 Rotação Duplas'!I92="-",0,'🔄 Rotação Duplas'!I92),0))+IF('⚙️ Configuração'!C37='🔄 Rotação Duplas'!C93,IF('🔄 Rotação Duplas'!H93="-",0,'🔄 Rotação Duplas'!H93),IF('⚙️ Configuração'!C37='🔄 Rotação Duplas'!D93,IF('🔄 Rotação Duplas'!I93="-",0,'🔄 Rotação Duplas'!I93),0))+IF('⚙️ Configuração'!C37='🔄 Rotação Duplas'!C94,IF('🔄 Rotação Duplas'!H94="-",0,'🔄 Rotação Duplas'!H94),IF('⚙️ Configuração'!C37='🔄 Rotação Duplas'!D94,IF('🔄 Rotação Duplas'!I94="-",0,'🔄 Rotação Duplas'!I94),0))+IF('⚙️ Configuração'!C37='🔄 Rotação Duplas'!C95,IF('🔄 Rotação Duplas'!H95="-",0,'🔄 Rotação Duplas'!H95),IF('⚙️ Configuração'!C37='🔄 Rotação Duplas'!D95,IF('🔄 Rotação Duplas'!I95="-",0,'🔄 Rotação Duplas'!I95),0))+IF('⚙️ Configuração'!C37='🔄 Rotação Duplas'!C96,IF('🔄 Rotação Duplas'!H96="-",0,'🔄 Rotação Duplas'!H96),IF('⚙️ Configuração'!C37='🔄 Rotação Duplas'!D96,IF('🔄 Rotação Duplas'!I96="-",0,'🔄 Rotação Duplas'!I96),0))+IF('⚙️ Configuração'!C37='🔄 Rotação Duplas'!C97,IF('🔄 Rotação Duplas'!H97="-",0,'🔄 Rotação Duplas'!H97),IF('⚙️ Configuração'!C37='🔄 Rotação Duplas'!D97,IF('🔄 Rotação Duplas'!I97="-",0,'🔄 Rotação Duplas'!I97),0))+IF('⚙️ Configuração'!C37='🔄 Rotação Duplas'!C98,IF('🔄 Rotação Duplas'!H98="-",0,'🔄 Rotação Duplas'!H98),IF('⚙️ Configuração'!C37='🔄 Rotação Duplas'!D98,IF('🔄 Rotação Duplas'!I98="-",0,'🔄 Rotação Duplas'!I98),0))+IF('⚙️ Configuração'!C37='🔄 Rotação Duplas'!C99,IF('🔄 Rotação Duplas'!H99="-",0,'🔄 Rotação Duplas'!H99),IF('⚙️ Configuração'!C37='🔄 Rotação Duplas'!D99,IF('🔄 Rotação Duplas'!I99="-",0,'🔄 Rotação Duplas'!I99),0))+IF('⚙️ Configuração'!C37='🔄 Rotação Duplas'!C100,IF('🔄 Rotação Duplas'!H100="-",0,'🔄 Rotação Duplas'!H100),IF('⚙️ Configuração'!C37='🔄 Rotação Duplas'!D100,IF('🔄 Rotação Duplas'!I100="-",0,'🔄 Rotação Duplas'!I100),0))+IF('⚙️ Configuração'!C37='🔄 Rotação Duplas'!C101,IF('🔄 Rotação Duplas'!H101="-",0,'🔄 Rotação Duplas'!H101),IF('⚙️ Configuração'!C37='🔄 Rotação Duplas'!D101,IF('🔄 Rotação Duplas'!I101="-",0,'🔄 Rotação Duplas'!I101),0)) -> 0 | J13: =IF('⚙️ Configuração'!C37='🔄 Rotação Duplas'!C106,IF('🔄 Rotação Duplas'!H106="-",0,'🔄 Rotação Duplas'!H106),IF('⚙️ Configuração'!C37='🔄 Rotação Duplas'!D106,IF('🔄 Rotação Duplas'!I106="-",0,'🔄 Rotação Duplas'!I106),0))+IF('⚙️ Configuração'!C37='🔄 Rotação Duplas'!C107,IF('🔄 Rotação Duplas'!H107="-",0,'🔄 Rotação Duplas'!H107),IF('⚙️ Configuração'!C37='🔄 Rotação Duplas'!D107,IF('🔄 Rotação Duplas'!I107="-",0,'🔄 Rotação Duplas'!I107),0))+IF('⚙️ Configuração'!C37='🔄 Rotação Duplas'!C108,IF('🔄 Rotação Duplas'!H108="-",0,'🔄 Rotação Duplas'!H108),IF('⚙️ Configuração'!C37='🔄 Rotação Duplas'!D108,IF('🔄 Rotação Duplas'!I108="-",0,'🔄 Rotação Duplas'!I108),0))+IF('⚙️ Configuração'!C37='🔄 Rotação Duplas'!C109,IF('🔄 Rotação Duplas'!H109="-",0,'🔄 Rotação Duplas'!H109),IF('⚙️ Configuração'!C37='🔄 Rotação Duplas'!D109,IF('🔄 Rotação Duplas'!I109="-",0,'🔄 Rotação Duplas'!I109),0))+IF('⚙️ Configuração'!C37='🔄 Rotação Duplas'!C110,IF('🔄 Rotação Duplas'!H110="-",0,'🔄 Rotação Duplas'!H110),IF('⚙️ Configuração'!C37='🔄 Rotação Duplas'!D110,IF('🔄 Rotação Duplas'!I110="-",0,'🔄 Rotação Duplas'!I110),0))+IF('⚙️ Configuração'!C37='🔄 Rotação Duplas'!C111,IF('🔄 Rotação Duplas'!H111="-",0,'🔄 Rotação Duplas'!H111),IF('⚙️ Configuração'!C37='🔄 Rotação Duplas'!D111,IF('🔄 Rotação Duplas'!I111="-",0,'🔄 Rotação Duplas'!I111),0))+IF('⚙️ Configuração'!C37='🔄 Rotação Duplas'!C112,IF('🔄 Rotação Duplas'!H112="-",0,'🔄 Rotação Duplas'!H112),IF('⚙️ Configuração'!C37='🔄 Rotação Duplas'!D112,IF('🔄 Rotação Duplas'!I112="-",0,'🔄 Rotação Duplas'!I112),0))+IF('⚙️ Configuração'!C37='🔄 Rotação Duplas'!C113,IF('🔄 Rotação Duplas'!H113="-",0,'🔄 Rotação Duplas'!H113),IF('⚙️ Configuração'!C37='🔄 Rotação Duplas'!D113,IF('🔄 Rotação Duplas'!I113="-",0,'🔄 Rotação Duplas'!I113),0))+IF('⚙️ Configuração'!C37='🔄 Rotação Duplas'!C114,IF('🔄 Rotação Duplas'!H114="-",0,'🔄 Rotação Duplas'!H114),IF('⚙️ Configuração'!C37='🔄 Rotação Duplas'!D114,IF('🔄 Rotação Duplas'!I114="-",0,'🔄 Rotação Duplas'!I114),0))+IF('⚙️ Configuração'!C37='🔄 Rotação Duplas'!C115,IF('🔄 Rotação Duplas'!H115="-",0,'🔄 Rotação Duplas'!H115),IF('⚙️ Configuração'!C37='🔄 Rotação Duplas'!D115,IF('🔄 Rotação Duplas'!I115="-",0,'🔄 Rotação Duplas'!I115),0)) -> 0 | K13: =SUM(C13:J13) -> 21 | L13: =SUMIF('📋 Registo Diário'!$D$7:$D$646,'⚙️ Configuração'!C37,'📋 Registo Diário'!$Q$7:$Q$646) -> 23 | M13: =K13+L13 -> 44
